ISSN,Título,Estrato,quadrienio
0001-0782,COMMUNICATIONS OF THE ACM,A1,2021-2024
0001-1452,AIAA JOURNAL (PRINT),A2,2021-2024
0001-3765,ANAIS DA ACADEMIA BRASILEIRA DE CIÊNCIAS (IMPRESSO),A3,2021-2024
0001-4966,THE JOURNAL OF THE ACOUSTICAL SOCIETY OF AMERICA,A2,2021-2024
0001-5342,ACTA BIOTHEORETICA,A4,2021-2024
0001-706X,ACTA TROPICA,A2,2021-2024
0001-8244,BEHAVIOR GENETICS,A2,2021-2024
0002-7863,JOURNAL OF THE AMERICAN CHEMICAL SOCIETY (PRINT),A1,2021-2024
0002-9262,AMERICAN JOURNAL OF EPIDEMIOLOGY,A1,2021-2024
0002-9394,AMERICAN JOURNAL OF OPHTHALMOLOGY,A1,2021-2024
0002-953X,THE AMERICAN JOURNAL OF PSYCHIATRY,A1,2021-2024
0002-9890,THE AMERICAN MATHEMATICAL MONTHLY,B2,2021-2024
0002-9920,AMERICAN MATHEMATICAL SOCIETY. NOTICES,B2,2021-2024
0002-9939,PROCEEDINGS OF THE AMERICAN MATHEMATICAL SOCIETY,A2,2021-2024
0003-2700,ANALYTICAL CHEMISTRY (WASHINGTON),A1,2021-2024
0003-2719,ANALYTICAL LETTERS,A3,2021-2024
0003-4347,ANNALES DES TELECOMMUNICATIONS,A3,2021-2024
0003-682X,APPLIED ACOUSTICS,A2,2021-2024
0003-6846,APPLIED ECONOMICS (PRINT),A1,2021-2024
0003-6870,APPLIED ERGONOMICS,A1,2021-2024
0003-6951,APPLIED PHYSICS LETTERS,A2,2021-2024
0003-9969,ARCHIVES OF ORAL BIOLOGY,A1,2021-2024
0003-9993,ARCHIVES OF PHYSICAL MEDICINE AND REHABILITATION (PRINT),A1,2021-2024
0004-3702,ARTIFICIAL INTELLIGENCE,A1,2021-2024
0005-1098,AUTOMATICA (OXFORD),A1,2021-2024
0005-2736,BIOCHIMICA ET BIOPHYSICA ACTA. BIOMEMBRANES,A1,2021-2024
0006-2928,BIOCHEMICAL GENETICS,A3,2021-2024
0006-3398,BIOMEDICAL ENGINEERING,B2,2021-2024
0006-3495,BIOPHYSICAL JOURNAL (PRINT),A2,2021-2024
0006-8314,BOUNDARY - LAYER METEOROLOGY,A2,2021-2024
0007-070X,BRITISH FOOD JOURNAL (1966),A1,2021-2024
0007-1013,BRITISH JOURNAL OF EDUCATIONAL TECHNOLOGY (PRINT),A1,2021-2024
0007-1102,BRITISH JOURNAL OF MATHEMATICAL & STATISTICAL PSYCHOLOGY,A1,2021-2024
0007-1285,BRITISH JOURNAL OF RADIOLOGY,A3,2021-2024
0008-4034,CANADIAN JOURNAL OF CHEMICAL ENGINEERING,A3,2021-2024
0008-6363,CARDIOVASCULAR RESEARCH,A1,2021-2024
0009-2673,BULLETIN OF THE CHEMICAL SOCIETY OF JAPAN,A3,2021-2024
0010-3616,COMMUNICATIONS IN MATHEMATICAL PHYSICS,A1,2021-2024
0010-4485,COMPUTER AIDED DESIGN,A3,2021-2024
0010-4620,COMPUTER JOURNAL (PRINT),A4,2021-2024
0010-4655,COMPUTER PHYSICS COMMUNICATIONS,A1,2021-2024
0010-4825,COMPUTERS IN BIOLOGY AND MEDICINE,A1,2021-2024
0010-485X,COMPUTING,A1,2021-2024
0010-5236,CONCILIUM ENGLISH EDITION,A2,2021-2024
0012-1606,DEVELOPMENTAL BIOLOGY (PRINT),A4,2021-2024
0012-365X,DISCRETE MATHEMATICS,A2,2021-2024
0012-7353,DYNA (MEDELLÍN),B1,2021-2024
0012-8252,EARTH-SCIENCE REVIEWS,A1,2021-2024
0012-9658,"ECOLOGY (BROOKLYN, NEW YORK, N.Y.)",A1,2021-2024
0013-0915,PROCEEDINGS OF THE EDINBURGH MATHEMATICAL SOCIETY,A3,2021-2024
0013-4651,JOURNAL OF THE ELECTROCHEMICAL SOCIETY,A2,2021-2024
0013-4686,ELECTROCHIMICA ACTA,A1,2021-2024
0013-5194,ELECTRONICS LETTERS,A4,2021-2024
0013-9351,"ENVIRONMENTAL RESEARCH (NEW YORK, N.Y. PRINT)",A1,2021-2024
0016-0032,JOURNAL OF THE FRANKLIN INSTITUTE,A2,2021-2024
0016-2361,FUEL (GUILDFORD),A1,2021-2024
0016-5085,"GASTROENTEROLOGY (NEW YORK, N.Y. 1943)",A1,2021-2024
0016-7312,GEOGRAPHICA HELVETICA,A2,2021-2024
0016-8025,GEOPHYSICAL PROSPECTING (PRINT),A2,2021-2024
0016-8033,GEOPHYSICS,A2,2021-2024
0017-5749,GUT (LONDON),A1,2021-2024
0017-9310,INTERNATIONAL JOURNAL OF HEAT AND MASS TRANSFER,A1,2021-2024
0018-9162,COMPUTER MAGAZINE,A3,2021-2024
0018-926X,IEEE TRANSACTIONS ON ANTENNAS AND PROPAGATION (PRINT),A1,2021-2024
0018-9286,IEEE TRANSACTIONS ON AUTOMATIC CONTROL (PRINT),A1,2021-2024
0018-9316,IEEE TRANSACTIONS ON BROADCASTING,A2,2021-2024
0018-9359,IEEE TRANSACTIONS ON EDUCATION,A2,2021-2024
0018-9383,IEEE TRANSACTIONS ON ELECTRON DEVICES,A1,2021-2024
0018-9391,IEEE TRANSACTIONS ON ENGINEERING MANAGEMENT,A2,2021-2024
0018-9448,IEEE TRANSACTIONS ON INFORMATION THEORY,A1,2021-2024
0018-9456,IEEE TRANSACTIONS ON INSTRUMENTATION AND MEASUREMENT,A1,2021-2024
0018-9464,IEEE TRANSACTIONS ON MAGNETICS,A4,2021-2024
0018-9499,IEEE TRANSACTIONS ON NUCLEAR SCIENCE,A2,2021-2024
0018-9529,IEEE TRANSACTIONS ON RELIABILITY,A1,2021-2024
0018-9545,IEEE TRANSACTIONS ON VEHICULAR TECHNOLOGY,A1,2021-2024
0019-0578,ISA TRANSACTIONS,A1,2021-2024
0020-0190,INFORMATION PROCESSING LETTERS (PRINT),B2,2021-2024
0020-0255,INFORMATION SCIENCES,A1,2021-2024
0020-1812,INSECTES SOCIAUX (PRINTED ED.),A3,2021-2024
0020-7179,INTERNATIONAL JOURNAL OF CONTROL (PRINT),A3,2021-2024
0020-739X,INTERNATIONAL JOURNAL OF MATHEMATICAL EDUCATION IN SCIENCE AND TECHNOLOGY,A2,2021-2024
0020-7543,INTERNATIONAL JOURNAL OF PRODUCTION RESEARCH (PRINT),A1,2021-2024
0020-7683,INTERNATIONAL JOURNAL OF SOLIDS AND STRUCTURES,A1,2021-2024
0020-7721,INTERNATIONAL JOURNAL OF SYSTEMS SCIENCE,A2,2021-2024
0021-7670,JOURNAL D'ANALYSE MATHÉMATIQUE (JERUSALEM),A2,2021-2024
0021-9010,JOURNAL OF APPLIED PSYCHOLOGY,A1,2021-2024
0021-9606,THE JOURNAL OF CHEMICAL PHYSICS,A2,2021-2024
0021-972X,THE JOURNAL OF CLINICAL ENDOCRINOLOGY AND METABOLISM,A1,2021-2024
0021-9738,THE JOURNAL OF CLINICAL INVESTIGATION,A1,2021-2024
0021-9991,JOURNAL OF COMPUTATIONAL PHYSICS (PRINT),A1,2021-2024
0022-0000,JOURNAL OF COMPUTER AND SYSTEM SCIENCES (PRINT),A3,2021-2024
0022-0302,JOURNAL OF DAIRY SCIENCE,A1,2021-2024
0022-0388,JOURNAL OF DEVELOPMENT STUDIES,A1,2021-2024
0022-0396,JOURNAL OF DIFFERENTIAL EQUATIONS (PRINT),A1,2021-2024
0022-0477,JOURNAL OF ECOLOGY (PRINT),A1,2021-2024
0022-1120,JOURNAL OF FLUID MECHANICS (PRINT),A1,2021-2024
0022-1694,JOURNAL OF HYDROLOGY (AMSTERDAM),A1,2021-2024
0022-247X,JOURNAL OF MATHEMATICAL ANALYSIS AND APPLICATIONS (PRINT),A2,2021-2024
0022-2488,JOURNAL OF MATHEMATICAL PHYSICS,A3,2021-2024
0022-2828,JOURNAL OF MOLECULAR AND CELLULAR CARDIOLOGY,A1,2021-2024
0022-2836,JOURNAL OF MOLECULAR BIOLOGY,A1,2021-2024
0022-2844,JOURNAL OF MOLECULAR EVOLUTION,A2,2021-2024
0022-2860,JOURNAL OF MOLECULAR STRUCTURE (PRINT),A2,2021-2024
0022-3042,JOURNAL OF NEUROCHEMISTRY,A2,2021-2024
0022-3077,JOURNAL OF NEUROPHYSIOLOGY,A4,2021-2024
0022-3239,JOURNAL OF OPTIMIZATION THEORY AND APPLICATIONS,A2,2021-2024
0022-3611,JOURNAL OF PHILOSOPHICAL LOGIC,A1,2021-2024
0022-4715,JOURNAL OF STATISTICAL PHYSICS,A2,2021-2024
0023-6438,LEBENSMITTEL-WISSENSCHAFT + TECHNOLOGIE / FOOD SCIENCE + TECHNOLOGY,A1,2021-2024
0024-3795,LINEAR ALGEBRA AND ITS APPLICATIONS,A2,2021-2024
0025-3154,JOURNAL OF THE MARINE BIOLOGICAL ASSOCIATION OF THE UNITED KINGDOM (PRINT),B1,2021-2024
0025-5610,MATHEMATICAL PROGRAMMING,A1,2021-2024
0025-5718,MATHEMATICS OF COMPUTATION,A1,2021-2024
0025-584X,MATHEMATISCHE NACHRICHTEN,A3,2021-2024
0025-6196,MAYO CLINIC PROCEEDINGS,A1,2021-2024
0025-6455,MECCANICA (MILANO. PRINT),A3,2021-2024
0026-265X,MICROCHEMICAL JOURNAL (PRINT),A1,2021-2024
0026-2714,MICROELECTRONICS AND RELIABILITY,A4,2021-2024
0027-0520,MONTHLY REVIEW (NEW YORK. 1949),A3,2021-2024
0027-8424,PROCEEDINGS OF THE NATIONAL ACADEMY OF SCIENCES OF THE UNITED STATES OF AMERICA,A1,2021-2024
0028-0836,NATURE (LONDON),A1,2021-2024
0028-3045,NETWORKS,A4,2021-2024
0029-5493,NUCLEAR ENGINEERING AND DESIGN (PRINT),A1,2021-2024
0029-5981,INTERNATIONAL JOURNAL FOR NUMERICAL METHODS IN ENGINEERING (PRINT),A1,2021-2024
0029-599X,NUMERISCHE MATHEMATIK,A2,2021-2024
0029-8018,OCEAN ENGINEERING,A1,2021-2024
0029-8549,OECOLOGIA,A2,2021-2024
0030-364X,OPERATIONS RESEARCH,A3,2021-2024
0030-3887,OPSEARCH (DELHI),B1,2021-2024
0030-8730,PACIFIC JOURNAL OF MATHEMATICS,A3,2021-2024
0031-3203,PATTERN RECOGNITION,A1,2021-2024
0031-3998,PEDIATRIC RESEARCH,A1,2021-2024
0031-9155,PHYSICS IN MEDICINE AND BIOLOGY (PRINT),A2,2021-2024
0031-921X,THE PHYSICS TEACHER,A1,2021-2024
0031-9384,PHYSIOLOGY & BEHAVIOR,A2,2021-2024
0032-0935,PLANTA (HEIDELBERG,A1,2021-2024
0032-5791,POULTRY SCIENCE (PRINT),A1,2021-2024
0033-0124,THE PROFESSIONAL GEOGRAPHER,A2,2021-2024
0033-2097,PRZEGLAD ELEKTROTECHNICZNY,B3,2021-2024
0033-5177,QUALITY AND QUANTITY,A1,2021-2024
0034-4257,REMOTE SENSING OF ENVIRONMENT,A1,2021-2024
0034-6748,REVIEW OF SCIENTIFIC INSTRUMENTS,B1,2021-2024
0034-7167,REVISTA BRASILEIRA DE ENFERMAGEM,A2,2021-2024
0034-7175,REVISTA BRASILEIRA DE ESTATÍSTICA,B4,2021-2024
0034-9275,REVISTA DOS TRIBUNAIS (SÃO PAULO. IMPRESSO),A2,2021-2024
0035-8711,MONTHLY NOTICES OF THE ROYAL ASTRONOMICAL SOCIETY (PRINT),A2,2021-2024
0036-1429,SIAM JOURNAL ON NUMERICAL ANALYSIS (PRINT),A1,2021-2024
0037-5497,"SIMULATION (SAN DIEGO, CALIF.)",A4,2021-2024
0037-8712,BOLETIM DA SOCIEDADE PARANAENSE DE MATEMÁTICA,B2,2021-2024
0038-0121,SOCIO-ECONOMIC PLANNING SCIENCES,A1,2021-2024
0038-0644,"SOFTWARE, PRACTICE & EXPERIENCE (PRINT)",A2,2021-2024
0038-092X,SOLAR ENERGY,A1,2021-2024
0039-3215,STUDIA LOGICA,A2,2021-2024
0039-6265,SURVEY REVIEW,A4,2021-2024
0039-9140,TALANTA (OXFORD),A1,2021-2024
0040-0262,TAXON,A2,2021-2024
0040-1625,TECHNOLOGICAL FORECASTING & SOCIAL CHANGE,A1,2021-2024
0041-1655,TRANSPORTATION SCIENCE,A2,2021-2024
0041-624X,ULTRASONICS (GUILDFORD),A2,2021-2024
0042-9686,BULLETIN OF THE WORLD HEALTH ORGANIZATION (PRINT),A1,2021-2024
0043-1397,WATER RESOURCES RESEARCH,A1,2021-2024
0043-5325,WIENER KLINISCHE WOCHENSCHRIFT,A2,2021-2024
0043-7719,WOOD SCIENCE AND TECHNOLOGY (PRINT),A1,2021-2024
0044-8435,APIDOLOGIE (CELLE),A2,2021-2024
0044-8486,AQUACULTURE (AMSTERDAM),A1,2021-2024
0045-2068,BIOORGANIC CHEMISTRY (PRINT),A1,2021-2024
0045-6535,CHEMOSPHERE (OXFORD),A1,2021-2024
0045-7825,COMPUTER METHODS IN APPLIED MECHANICS AND ENGINEERING,A1,2021-2024
0045-7906,COMPUTERS & ELECTRICAL ENGINEERING,A2,2021-2024
0045-7930,COMPUTERS & FLUIDS,A2,2021-2024
0045-7949,COMPUTERS & STRUCTURES,A1,2021-2024
0048-3575,PESTICIDE BIOCHEMISTRY AND PHYSIOLOGY,A1,2021-2024
0048-9697,SCIENCE OF THE TOTAL ENVIRONMENT,A1,2021-2024
0049-4747,TROPICAL ANIMAL HEALTH AND PRODUCTION,A2,2021-2024
0066-782X,ARQUIVOS BRASILEIROS DE CARDIOLOGIA (IMPRESSO),A2,2021-2024
0080-6234,REVISTA DA ESCOLA DE ENFERMAGEM DA USP,A3,2021-2024
0090-6778,IEEE TRANSACTIONS ON COMMUNICATIONS (PRINT),A1,2021-2024
0090-6964,ANNALS OF BIOMEDICAL ENGINEERING,A2,2021-2024
0091-2751,JOURNAL OF CLINICAL ULTRASOUND (PRINT),B1,2021-2024
0093-691X,THERIOGENOLOGY,A1,2021-2024
0094-5765,ACTA ASTRONAUTICA,A2,2021-2024
0094-8276,GEOPHYSICAL RESEARCH LETTERS,A1,2021-2024
0094-9655,JOURNAL OF STATISTICAL COMPUTATION AND SIMULATION (PRINT),A4,2021-2024
0095-3628,MICROBIAL ECOLOGY,A1,2021-2024
0095-4616,APPLIED MATHEMATICS & OPTIMIZATION,A2,2021-2024
0095-8956,JOURNAL OF COMBINATORIAL THEORY. SERIES B (PRINT),A1,2021-2024
0096-3003,APPLIED MATHEMATICS AND COMPUTATION,A1,2021-2024
0097-3165,JOURNAL OF COMBINATORIAL THEORY. SERIES A (PRINT),A1,2021-2024
0097-8493,COMPUTERS & GRAPHICS,A2,2021-2024
0098-1354,COMPUTERS & CHEMICAL ENGINEERING,A1,2021-2024
0098-3004,COMPUTERS & GEOSCIENCES,A1,2021-2024
0098-3063,IEEE TRANSACTIONS ON CONSUMER ELECTRONICS,A2,2021-2024
0098-5589,IEEE TRANSACTIONS ON SOFTWARE ENGINEERING,A1,2021-2024
0098-9886,INTERNATIONAL JOURNAL OF CIRCUIT THEORY AND APPLICATIONS (PRINT),A3,2021-2024
0099-1112,PHOTOGRAMMETRIC ENGINEERING AND REMOTE SENSING,B2,2021-2024
0099-2399,JOURNAL OF ENDODONTICS,A1,2021-2024
0100-8404,REVISTA BRASILEIRA DE BOTÂNICA (IMPRESSO),A4,2021-2024
0101-7438,PESQUISA OPERACIONAL (IMPRESSO),B3,2021-2024
0101-8205,COMPUTATIONAL & APPLIED MATHEMATICS,A2,2021-2024
0102-1788,REVISTA DA ESCOLA SUPERIOR DE GUERRA,A3,2021-2024
0102-2563,REVISTA DO SERVIÇO DO PATRIMÔNIO HISTÓRICO E ARTÍSTICO NACIONAL (CESSOU EM 1945. CONT. 0102-2571 REVISTA DO SERVIÇO DO PATRIMÔNIO HISTÓRICO E ARTÍSTIC,C,2021-2024
0102-3543,C&T. REVISTA MILITAR DE CIÊNCIA E TECNOLOGIA,B3,2021-2024
0102-4248,CADERNOS DE ESTUDOS SOCIAIS,B2,2021-2024
0102-4450,DELTA. DOCUMENTAÇÃO DE ESTUDOS EM LINGUÍSTICA TEÓRICA E APLICADA,A1,2021-2024
0102-4698,EDUCAÇÃO EM REVISTA (UFMG - IMPRESSO),A1,2021-2024
0102-5503,TECNOLOGIA EDUCACIONAL,B1,2021-2024
0102-7158,REVISTA DA ABRALIN,A2,2021-2024
0102-7352,VETOR (FURG),B3,2021-2024
0102-7972,PSICOLOGIA: REFLEXÃO E CRÍTICA (UFRGS. IMPRESSO),A1,2021-2024
0103-0752,BRAZILIAN JOURNAL OF PROBABILITY AND STATISTICS,B1,2021-2024
0103-2070,TEMPO SOCIAL (USP. IMPRESSO),A1,2021-2024
0103-2100,ACTA PAULISTA DE ENFERMAGEM,A2,2021-2024
0103-3786,TRANSINFORMAÇÃO,A1,2021-2024
0103-4014,ESTUDOS AVANÇADOS (USP),A1,2021-2024
0103-4308,REVISTA DE INFORMÁTICA TEÓRICA E APLICADA,B4,2021-2024
0103-5053,JOURNAL OF THE BRAZILIAN CHEMICAL SOCIETY (IMPRESSO),A3,2021-2024
0103-5355,ARQUIVOS BRASILEIROS DE NEUROCIRURGIA,B4,2021-2024
0103-8117,BAHIA ANALISE & DADOS,B3,2021-2024
0103-9059,MATEMATICA CONTEMPORANEA,B2,2021-2024
0103-9733,BRAZILIAN JOURNAL OF PHYSICS (IMPRESSO),A3,2021-2024
0103-9989,REVISTA USP,A1,2021-2024
0104-0014,BRAZILIAN JOURNAL OF ANESTHESIOLOGY,A3,2021-2024
0104-0588,REVISTA DE ESTUDOS DA LINGUAGEM,A1,2021-2024
0104-3552,REVISTA ENFERMAGEM UERJ,A4,2021-2024
0104-6276,OPINIÃO PÚBLICA (UNICAMP. IMPRESSO),A1,2021-2024
0104-639X,TRADTERM,A3,2021-2024
0104-6500,JOURNAL OF THE BRAZILIAN COMPUTER SOCIETY (IMPRESSO),A3,2021-2024
0104-6675,O QUE NOS FAZ PENSAR (PUCRJ),A1,2021-2024
0104-7078,CADERNOS ENAP,B2,2021-2024
0105-4538,ALLERGY (COPENHAGEN),A1,2021-2024
0129-0541,INTERNATIONAL JOURNAL OF FOUNDATIONS OF COMPUTER SCIENCE,B2,2021-2024
0129-0657,INTERNATIONAL JOURNAL OF NEURAL SYSTEMS,A1,2021-2024
0138-0680,BULLETIN OF THE SECTION OF LOGIC,A3,2021-2024
0138-9130,SCIENTOMETRICS,A1,2021-2024
0140-0118,MEDICAL & BIOLOGICAL ENGINEERING & COMPUTING,A3,2021-2024
0140-3664,COMPUTER COMMUNICATIONS,A1,2021-2024
0141-0296,ENGINEERING STRUCTURES,A1,2021-2024
0141-8130,INTERNATIONAL JOURNAL OF BIOLOGICAL MACROMOLECULES,A1,2021-2024
0141-9331,MICROPROCESSORS AND MICROSYSTEMS,A2,2021-2024
0141-9382,DISPLAYS (GUILDFORD),A2,2021-2024
0142-0615,INTERNATIONAL JOURNAL OF ELECTRICAL POWER & ENERGY SYSTEMS,A2,2021-2024
0142-5455,EMPLOYEE RELATIONS,A1,2021-2024
0143-1161,INTERNATIONAL JOURNAL OF REMOTE SENSING (PRINT),A2,2021-2024
0143-2087,OPTIMAL CONTROL APPLICATIONS & METHODS,A2,2021-2024
0143-3334,CARCINOGENESIS (NEW YORK. PRINT),A3,2021-2024
0144-8609,AQUACULTURAL ENGINEERING,A1,2021-2024
0144-929X,BEHAVIOUR & INFORMATION TECHNOLOGY,A1,2021-2024
0146-4124,TOPOLOGY PROCEEDINGS,B4,2021-2024
0146-4833,COMPUTER COMMUNICATION REVIEW,A2,2021-2024
0147-8389,PACING AND CLINICAL ELECTROPHYSIOLOGY (PRINT),B1,2021-2024
0148-0731,JOURNAL OF BIOMECHANICAL ENGINEERING,B1,2021-2024
0148-5598,JOURNAL OF MEDICAL SYSTEMS,A1,2021-2024
0149-5739,JOURNAL OF THERMAL STRESSES,A4,2021-2024
0160-5682,JOURNAL OF THE OPERATIONAL RESEARCH SOCIETY,A1,2021-2024
0160-791X,TECHNOLOGY IN SOCIETY,A1,2021-2024
0162-8828,IEEE TRANSACTIONS ON PATTERN ANALYSIS AND MACHINE INTELLIGENCE,A1,2021-2024
0163-5808,SIGMOD RECORD,B1,2021-2024
0163-5999,PERFORMANCE EVALUATION REVIEW,B4,2021-2024
0163-6804,IEEE COMMUNICATIONS MAGAZINE (PRINT),A1,2021-2024
0164-0925,ACM TRANSACTIONS ON PROGRAMMING LANGUAGES AND SYSTEMS,B1,2021-2024
0164-1212,THE JOURNAL OF SYSTEMS AND SOFTWARE,A2,2021-2024
0165-0114,FUZZY SETS AND SYSTEMS,A1,2021-2024
0165-0327,JOURNAL OF AFFECTIVE DISORDERS (PRINT),A1,2021-2024
0165-0521,STUDIES ON NEOTROPICAL FAUNA AND ENVIRONMENT,A4,2021-2024
0165-1684,SIGNAL PROCESSING (PRINT),A2,2021-2024
0165-1781,PSYCHIATRY RESEARCH (PRINT),A1,2021-2024
0165-2125,WAVE MOTION,A2,2021-2024
0165-5515,JOURNAL OF INFORMATION SCIENCE,A1,2021-2024
0165-7380,VETERINARY RESEARCH COMMUNICATIONS,A2,2021-2024
0166-218X,DISCRETE APPLIED MATHEMATICS,A2,2021-2024
0166-3542,ANTIVIRAL RESEARCH,A1,2021-2024
0166-3615,COMPUTERS IN INDUSTRY,A1,2021-2024
0166-4328,BEHAVIOURAL BRAIN RESEARCH,A3,2021-2024
0166-445X,AQUATIC TOXICOLOGY,A1,2021-2024
0166-5316,PERFORMANCE EVALUATION,A4,2021-2024
0166-6851,MOLECULAR AND BIOCHEMICAL PARASITOLOGY (PRINT),B1,2021-2024
0166-8641,TOPOLOGY AND ITS APPLICATIONS,A4,2021-2024
0167-2789,"PHYSICA. D, NONLINEAR PHENOMENA (PRINT)",A1,2021-2024
0167-4048,COMPUTERS & SECURITY,A1,2021-2024
0167-577X,MATERIALS LETTERS (GENERAL ED.),A1,2021-2024
0167-6377,OPERATIONS RESEARCH LETTERS,B1,2021-2024
0167-6393,SPEECH COMMUNICATION (PRINT),A2,2021-2024
0167-6423,SCIENCE OF COMPUTER PROGRAMMING (PRINT),A3,2021-2024
0167-6911,SYSTEMS & CONTROL LETTERS (PRINT),A2,2021-2024
0167-7012,JOURNAL OF MICROBIOLOGICAL METHODS,A4,2021-2024
0167-7152,STATISTICS & PROBABILITY LETTERS,B1,2021-2024
0167-7322,JOURNAL OF MOLECULAR LIQUIDS (PRINT),A1,2021-2024
0167-739X,FUTURE GENERATION COMPUTER SYSTEMS,A1,2021-2024
0167-8191,PARALLEL COMPUTING,A4,2021-2024
0167-8655,PATTERN RECOGNITION LETTERS,A1,2021-2024
0167-9236,DECISION SUPPORT SYSTEMS,A1,2021-2024
0167-9260,INTEGRATION (AMSTERDAM. PRINT),A4,2021-2024
0168-0072,ANNALS OF PURE AND APPLIED LOGIC (PRINT),A4,2021-2024
0168-1699,COMPUTERS AND ELECTRONICS IN AGRICULTURE,A1,2021-2024
0168-7433,JOURNAL OF AUTOMATED REASONING,A4,2021-2024
0168-9002,"NUCLEAR INSTRUMENTS & METHODS IN PHYSICS RESEARCH. SECTION A, ACCELERATORS, SPECTROMETERS, DETECTORS AND ASSOCIATED EQUIPMENT (PRINT)",A4,2021-2024
0168-9274,APPLIED NUMERICAL MATHEMATICS,A1,2021-2024
0169-023X,DATA & KNOWLEDGE ENGINEERING,A3,2021-2024
0169-1864,ADVANCED ROBOTICS (PRINT),A4,2021-2024
0169-2070,INTERNATIONAL JOURNAL OF FORECASTING,A1,2021-2024
0169-2607,COMPUTER METHODS AND PROGRAMS IN BIOMEDICINE (PRINT),A1,2021-2024
0169-3913,TRANSPORT IN POROUS MEDIA,A3,2021-2024
0169-5983,FLUID DYNAMICS RESEARCH,A4,2021-2024
0169-7439,CHEMOMETRICS AND INTELLIGENT LABORATORY SYSTEMS (PRINT),A1,2021-2024
0169-8141,INTERNATIONAL JOURNAL OF INDUSTRIAL ERGONOMICS,A2,2021-2024
0170-4214,MATHEMATICAL METHODS IN THE APPLIED SCIENCES,A1,2021-2024
0171-6468,OR SPECTRUM,A2,2021-2024
0171-8630,MARINE ECOLOGY. PROGRESS SERIES (HALSTENBEK),A2,2021-2024
0176-4268,JOURNAL OF CLASSIFICATION,A2,2021-2024
0177-0667,ENGINEERING WITH COMPUTERS,A1,2021-2024
0178-2789,THE VISUAL COMPUTER,A2,2021-2024
0178-4617,ALGORITHMICA,A4,2021-2024
0178-7675,COMPUTATIONAL MECHANICS,A1,2021-2024
0179-051X,DYSPHAGIA (NEW YORK. PRINT),A1,2021-2024
0179-5376,DISCRETE & COMPUTATIONAL GEOMETRY,A3,2021-2024
0191-2615,TRANSPORTATION RESEARCH. PART B: METHODOLOGICAL,A1,2021-2024
0191-2917,PLANT DISEASE,A1,2021-2024
0192-8651,JOURNAL OF COMPUTATIONAL CHEMISTRY,A1,2021-2024
0194-911X,"HYPERTENSION (DALLAS, TEX. 1979)",A1,2021-2024
0195-0738,JOURNAL OF ENERGY RESOURCES TECHNOLOGY,A2,2021-2024
0195-668X,EUROPEAN HEART JOURNAL,A1,2021-2024
0195-6698,EUROPEAN JOURNAL OF COMBINATORICS (PRINT),A2,2021-2024
0196-0709,AMERICAN JOURNAL OF OTOLARYNGOLOGY (PRINT),A2,2021-2024
0196-2892,IEEE TRANSACTIONS ON GEOSCIENCE AND REMOTE SENSING,A1,2021-2024
0196-6553,AMERICAN JOURNAL OF INFECTION CONTROL,A1,2021-2024
0196-8904,ENERGY CONVERSION AND MANAGEMENT,A1,2021-2024
0198-9715,"COMPUTERS, ENVIRONMENT AND URBAN SYSTEMS",A1,2021-2024
0199-6231,JOURNAL OF SOLAR ENERGY ENGINEERING,A3,2021-2024
0218-0014,INTERNATIONAL JOURNAL OF PATTERN RECOGNITION AND ARTIFICIAL INTELLIGENCE,B1,2021-2024
0218-1266,"JOURNAL OF CIRCUITS, SYSTEMS, AND COMPUTERS",B1,2021-2024
0218-1940,INTERNATIONAL JOURNAL OF SOFTWARE ENGINEERING AND KNOWLEDGE ENGINEERING,B1,2021-2024
0218-2130,INTERNATIONAL JOURNAL ON ARTIFICIAL INTELLIGENCE TOOLS,B2,2021-2024
0218-348X,FRACTALS (SINGAPORE),A1,2021-2024
0218-4885,"INTERNATIONAL JOURNAL OF UNCERTAINTY, FUZZINESS AND KNOWLEDGE-BASED SYSTEMS",B1,2021-2024
0219-1377,KNOWLEDGE AND INFORMATION SYSTEMS (PRINT),A3,2021-2024
0219-3116,KNOWLEDGE AND INFORMATION SYSTEMS (ELECTRONIC RESOURCE),A3,2021-2024
0219-4678,INTERNATIONAL JOURNAL OF IMAGE AND GRAPHICS,B1,2021-2024
0219-4775,FLUCTUATION AND NOISE LETTERS,A2,2021-2024
0219-6492,JOURNAL OF INFORMATION & KNOWLEDGE MANAGEMENT,A3,2021-2024
0219-7200,JOURNAL OF BIOINFORMATICS AND COMPUTATIONAL BIOLOGY (PRINT),B2,2021-2024
0219-8770,INTERNATIONAL JOURNAL OF INNOVATION AND TECHNOLOGY MANAGEMENT,A2,2021-2024
0223-5234,EUROPEAN JOURNAL OF MEDICINAL CHEMISTRY,A1,2021-2024
0233-1888,STATISTICS (BERLIN),A4,2021-2024
0233-1934,OPTIMIZATION (PRINT),A2,2021-2024
0254-5330,ANNALS OF OPERATION RESEARCH,A2,2021-2024
0258-851X,IN VIVO (ATHENS),A4,2021-2024
0261-2194,CROP PROTECTION,A1,2021-2024
0262-8856,IMAGE AND VISION COMPUTING,A2,2021-2024
0263-2241,MEASUREMENT (LONDON. PRINT),A1,2021-2024
0263-5577,INDUSTRIAL MANAGEMENT + DATA SYSTEMS,A1,2021-2024
0263-5747,ROBOTICA (CAMBRIDGE. PRINT),A2,2021-2024
0263-8223,COMPOSITE STRUCTURES,A1,2021-2024
0263-8762,CHEMICAL ENGINEERING RESEARCH & DESIGN,A1,2021-2024
0264-410X,VACCINE (GUILDFORD),A1,2021-2024
0264-4401,ENGINEERING COMPUTATIONS,A3,2021-2024
0264-8172,MARINE AND PETROLEUM GEOLOGY,A1,2021-2024
0265-2323,INTERNATIONAL JOURNAL OF BANK MARKETING,A1,2021-2024
0265-671X,INTERNATIONAL JOURNAL OF QUALITY AND RELIABILITY MANAGEMENT,A3,2021-2024
0266-4720,EXPERT SYSTEMS (PRINT),A2,2021-2024
0266-4763,JOURNAL OF APPLIED STATISTICS,A3,2021-2024
0267-3649,COMPUTER LAW AND SECURITY REPORT,A1,2021-2024
0267-4424,FINANCIAL ACCOUNTABILITY & MANAGEMENT (PRINT),A1,2021-2024
0267-5730,INTERNATIONAL JOURNAL OF TECHNOLOGY MANAGEMENT,A2,2021-2024
0268-3768,"INTERNATIONAL JOURNAL, ADVANCED MANUFACTURING TECHNOLOGY",A2,2021-2024
0268-4012,INTERNATIONAL JOURNAL OF INFORMATION MANAGEMENT,A1,2021-2024
0269-2821,ARTIFICIAL INTELLIGENCE REVIEW,A1,2021-2024
0269-283X,MEDICAL AND VETERINARY ENTOMOLOGY (PRINT),A2,2021-2024
0269-4042,ENVIRONMENTAL GEOCHEMISTRY AND HEALTH,A1,2021-2024
0269-5022,PAEDIATRIC AND PERINATAL EPIDEMIOLOGY (PRINT),A4,2021-2024
0269-7491,ENVIRONMENTAL POLLUTION (1987),A1,2021-2024
0269-8889,KNOWLEDGE ENGINEERING REVIEW (PRINT),A3,2021-2024
0270-1367,RESEARCH QUARTERLY FOR EXERCISE AND SPORT,A2,2021-2024
0270-4137,THE PROSTATE (PRINT),A2,2021-2024
0270-6474,THE JOURNAL OF NEUROSCIENCE,A1,2021-2024
0271-3683,CURRENT EYE RESEARCH (PRINT),A2,2021-2024
0271-5317,"NUTRITION RESEARCH (NEW YORK, N.Y.)",A1,2021-2024
0272-1716,IEEE COMPUTER GRAPHICS AND APPLICATIONS,A4,2021-2024
0272-1732,IEEE MICRO,A2,2021-2024
0272-4960,IMA JOURNAL OF APPLIED MATHEMATICS,A3,2021-2024
0272-4979,IMA JOURNAL OF NUMERICAL ANALYSIS,A1,2021-2024
0272-8842,CERAMICS INTERNATIONAL,A1,2021-2024
0273-1177,ADVANCES IN SPACE RESEARCH,A2,2021-2024
0276-2374,EMPIRICAL STUDIES OF THE ARTS (PRINT),B1,2021-2024
0277-6715,STATISTICS IN MEDICINE (PRINT),A1,2021-2024
0278-0046,IEEE TRANSACTIONS ON INDUSTRIAL ELECTRONICS (1982. PRINT),A1,2021-2024
0278-0070,IEEE TRANSACTIONS ON COMPUTER-AIDED DESIGN OF INTEGRATED CIRCUITS AND SYSTEMS,A2,2021-2024
0278-081X,"CIRCUITS, SYSTEMS, AND SIGNAL PROCESSING",A3,2021-2024
0278-3649,THE INTERNATIONAL JOURNAL OF ROBOTICS RESEARCH,A1,2021-2024
0278-6125,JOURNAL OF MANUFACTURING SYSTEMS,A1,2021-2024
0288-3635,NEW GENERATION COMPUTING,A2,2021-2024
0295-5075,EUROPHYSICS LETTERS (PRINT),A4,2021-2024
0300-3930,LOCAL GOVERNMENT STUDIES,A1,2021-2024
0300-5771,INTERNATIONAL JOURNAL OF EPIDEMIOLOGY,A1,2021-2024
0300-7995,CURRENT MEDICAL RESEARCH AND OPINION,A2,2021-2024
0300-9084,BIOCHIMIE (PARIS. PRINT),A3,2021-2024
0300-9564,JOURNAL OF NEURAL TRANSMISSION,A2,2021-2024
0301-2115,"EUROPEAN JOURNAL OF OBSTETRICS, GYNECOLOGY, AND REPRODUCTIVE BIOLOGY",A3,2021-2024
0301-4797,JOURNAL OF ENVIRONMENTAL MANAGEMENT,A1,2021-2024
0301-5629,ULTRASOUND IN MEDICINE & BIOLOGY,A2,2021-2024
0301-679X,TRIBOLOGY INTERNATIONAL,A1,2021-2024
0303-2434,INTERNATIONAL JOURNAL OF APPLIED EARTH OBSERVATION AND GEOINFORMATION,A1,2021-2024
0303-2647,BIOSYSTEMS (AMSTERDAM. PRINT),A2,2021-2024
0303-6898,SCANDINAVIAN JOURNAL OF STATISTICS,A3,2021-2024
0303-6979,JOURNAL OF CLINICAL PERIODONTOLOGY,A1,2021-2024
0303-7207,MOLECULAR AND CELLULAR ENDOCRINOLOGY (PRINT),A2,2021-2024
0303-8300,SOCIAL INDICATORS RESEARCH,A1,2021-2024
0304-3800,ECOLOGICAL MODELLING,A2,2021-2024
0304-3975,THEORETICAL COMPUTER SCIENCE,B1,2021-2024
0304-4017,VETERINARY PARASITOLOGY (PRINT),A1,2021-2024
0304-4149,STOCHASTIC PROCESSES AND THEIR APPLICATIONS,A2,2021-2024
0304-4238,SCIENTIA HORTICULTURAE,A1,2021-2024
0304-8853,JOURNAL OF MAGNETISM AND MAGNETIC MATERIALS,A3,2021-2024
0305-0270,JOURNAL OF BIOGEOGRAPHY (PRINT),A1,2021-2024
0305-0483,OMEGA (OXFORD),A1,2021-2024
0305-0548,COMPUTERS & OPERATIONS RESEARCH,A1,2021-2024
0305-1048,NUCLEIC ACIDS RESEARCH,A1,2021-2024
0305-215X,ENGINEERING OPTIMIZATION (PRINT),A1,2021-2024
0306-2619,APPLIED ENERGY,A1,2021-2024
0306-4379,INFORMATION SYSTEMS,A2,2021-2024
0306-4522,NEUROSCIENCE,A2,2021-2024
0306-4565,JOURNAL OF THERMAL BIOLOGY,A1,2021-2024
0306-4573,INFORMATION PROCESSING & MANAGEMENT,A1,2021-2024
0306-7734,INTERNATIONAL STATISTICAL REVIEW,A2,2021-2024
0307-904X,APPLIED MATHEMATICAL MODELLING,A1,2021-2024
0308-1079,INTERNATIONAL JOURNAL OF GENERAL SYSTEMS,A3,2021-2024
0308-1087,LINEAR AND MULTILINEAR ALGEBRA,A1,2021-2024
0308-2105,PROCEEDINGS. SECTION A. MATHEMATICS,A2,2021-2024
0308-521X,AGRICULTURAL SYSTEMS,A1,2021-2024
0308-597X,MARINE POLICY,A1,2021-2024
0308-8146,FOOD CHEMISTRY,A1,2021-2024
0309-1740,MEAT SCIENCE,A1,2021-2024
0315-5986,INFOR. INFORMATION SYSTEMS AND OPERATIONAL RESEARCH,B1,2021-2024
0341-8162,CATENA (CREMLINGEN),A1,2021-2024
0343-2521,GEOJOURNAL,A2,2021-2024
0346-251X,SYSTEM (LINKOPING),A1,2021-2024
0360-0300,ACM COMPUTING SURVEYS,A1,2021-2024
0360-1277,EDUCATIONAL GERONTOLOGY,A4,2021-2024
0360-1315,COMPUTERS & EDUCATION,A1,2021-2024
0360-5442,ENERGY (OXFORD),A1,2021-2024
0360-8352,COMPUTERS & INDUSTRIAL ENGINEERING,A1,2021-2024
0361-0918,COMMUNICATIONS IN STATISTICS. SIMULATION AND COMPUTATION,A4,2021-2024
0361-1981,TRANSPORTATION RESEARCH RECORD,A4,2021-2024
0363-907X,INTERNATIONAL JOURNAL OF ENERGY RESEARCH (PRINT),C,2021-2024
0364-765X,MATHEMATICS OF OPERATIONS RESEARCH,A1,2021-2024
0364-9024,JOURNAL OF GRAPH THEORY (PRINT),A3,2021-2024
0367-326X,FITOTERAPIA (MILANO),A4,2021-2024
0370-1573,PHYSICS REPORTS,A1,2021-2024
0377-0257,JOURNAL OF NON-NEWTONIAN FLUID MECHANICS (PRINT),A2,2021-2024
0377-0427,JOURNAL OF COMPUTATIONAL AND APPLIED MATHEMATICS,A2,2021-2024
0377-0486,JOURNAL OF RAMAN SPECTROSCOPY,A3,2021-2024
0377-2063,JOURNAL OF THE INSTITUTION OF ELECTRONICS AND TELECOMMUNICATION ENGINEERS,A4,2021-2024
0377-2217,EUROPEAN JOURNAL OF OPERATIONAL RESEARCH,A1,2021-2024
0378-1119,GENE (AMSTERDAM),A4,2021-2024
0378-3774,AGRICULTURAL WATER MANAGEMENT (PRINT),A1,2021-2024
0378-4290,FIELD CROPS RESEARCH,A1,2021-2024
0378-4320,ANIMAL REPRODUCTION SCIENCE (PRINT),A2,2021-2024
0378-4371,PHYSICA. A (PRINT),A2,2021-2024
0378-4754,MATHEMATICS AND COMPUTERS IN SIMULATION (PRINT),A1,2021-2024
0378-7788,ENERGY AND BUILDINGS,A1,2021-2024
0378-7796,ELECTRIC POWER SYSTEMS RESEARCH (PRINT),A3,2021-2024
0385-7417,BEHAVIORMETRIKA,A1,2021-2024
0391-173X,ANNALI DELLA SCUOLA NORMALE SUPERIORE DI PISA. CLASSE DI SCIENZE (TESTO STAMPATO),A1,2021-2024
0393-2990,EUROPEAN JOURNAL OF EPIDEMIOLOGY,A1,2021-2024
0531-5565,EXPERIMENTAL GERONTOLOGY,A3,2021-2024
0560-4613,REVISTA BRASILEIRA DE CARTOGRAFIA (IMPRESSO),B2,2021-2024
0703-8992,CANADIAN JOURNAL OF REMOTE SENSING,A2,2021-2024
0716-3711,INGENIERÍA. UNIVERSIDAD DE ATACAMA,B4,2021-2024
0717-5000,CLEI ELECTRONIC JOURNAL,B3,2021-2024
0717-6279,PROYECCIONES JOURNAL OF MATHEMATICS,B1,2021-2024
0718-221X,MADERAS. CIENCIA Y TECNOLOGÍA (EN LÍNEA),A3,2021-2024
0718-2724,JOURNAL OF TECHNOLOGY MANAGEMENT & INNOVATION,A4,2021-2024
0718-378X,REVISTA AIDIS DE INGENIERÍA Y CIENCIAS AMBIENTALES,B3,2021-2024
0718-5162,REXE REVISTA DE ESTUDIOS Y EXPERIENCIAS EN EDUCACIÓN,A1,2021-2024
0719-0646,"CUBO, A MATHEMATICAL JOURNAL",B1,2021-2024
0720-048X,EUROPEAN JOURNAL OF RADIOLOGY,A2,2021-2024
0730-0301,ACM TRANSACTIONS ON GRAPHICS,A1,2021-2024
0730-725X,MAGNETIC RESONANCE IMAGING,A3,2021-2024
0733-8716,IEEE JOURNAL ON SELECTED AREAS IN COMMUNICATIONS (PRINT),A1,2021-2024
0733-8724,JOURNAL OF LIGHTWAVE TECHNOLOGY (PRINT),A1,2021-2024
0733-9429,"JOURNAL OF HYDRAULIC ENGINEERING (NEW YORK, N. Y.)",A3,2021-2024
0733-9453,JOURNAL OF SURVEYING ENGINEERING,A4,2021-2024
0734-2071,ACM TRANSACTIONS ON COMPUTER SYSTEMS,A3,2021-2024
0735-6757,THE AMERICAN JOURNAL OF EMERGENCY MEDICINE (PRINT),A1,2021-2024
0736-5853,TELEMATICS AND INFORMATICS,A1,2021-2024
0737-8831,LIBRARY HI TECH,A1,2021-2024
0739-1102,JOURNAL OF BIOMOLECULAR STRUCTURE & DYNAMICS,A2,2021-2024
0740-624X,GOVERNMENT INFORMATION QUARTERLY,A1,2021-2024
0740-7459,IEEE SOFTWARE,A3,2021-2024
0740-8188,LIBRARY & INFORMATION SCIENCE RESEARCH,A2,2021-2024
0743-7315,JOURNAL OF PARALLEL AND DISTRIBUTED COMPUTING (PRINT),A1,2021-2024
0747-5632,COMPUTERS IN HUMAN BEHAVIOR,A1,2021-2024
0748-8157,FRONTIERS OF HEALTH SERVICES MANAGEMENT,B1,2021-2024
0749-159X,NUMERICAL METHODS FOR PARTIAL DIFFERENTIAL EQUATIONS (PRINT),A2,2021-2024
0749-3797,AMERICAN JOURNAL OF PREVENTIVE MEDICINE,A1,2021-2024
0804-4643,EUROPEAN JOURNAL OF ENDOCRINOLOGY,A2,2021-2024
0812-0099,AUSTRALIAN JOURNAL OF EARTH SCIENCES,A4,2021-2024
0824-7935,COMPUTATIONAL INTELLIGENCE,A1,2021-2024
0840-8688,CANADIAN JOURNAL OF ELECTRICAL AND COMPUTER ENGINEERING,A4,2021-2024
0873-1152,ENGENHARIA CIVIL UM (BRAGA),B3,2021-2024
0873-5670,PÁGINAS A & B. ARQUIVOS & BIBLIOTECAS,A3,2021-2024
0883-2323,JOURNAL OF EDUCATION FOR BUSINESS,A3,2021-2024
0883-9514,APPLIED ARTIFICIAL INTELLIGENCE,A3,2021-2024
0884-6812,ANALYTICAL AND QUANTITATIVE CYTOLOGY AND HISTOLOGY,B3,2021-2024
0884-8173,INTERNATIONAL JOURNAL OF INTELLIGENT SYSTEMS (PRINT),C,2021-2024
0885-2308,COMPUTER SPEECH & LANGUAGE (PRINT),A1,2021-2024
0885-2545,JOURNAL OF CULTURAL ECONOMICS,A3,2021-2024
0885-4513,BIOTECHNOLOGY AND APPLIED BIOCHEMISTRY,A3,2021-2024
0885-6125,MACHINE LEARNING,A1,2021-2024
0885-7458,INTERNATIONAL JOURNAL OF PARALLEL PROGRAMMING,A3,2021-2024
0885-7474,JOURNAL OF SCIENTIFIC COMPUTING,A1,2021-2024
0885-8624,THE JOURNAL OF BUSINESS & INDUSTRIAL MARKETING,A1,2021-2024
0885-8950,IEEE TRANSACTIONS ON POWER SYSTEMS,A1,2021-2024
0885-8977,IEEE TRANSACTIONS ON POWER DELIVERY,A2,2021-2024
0885-8985,IEEE AEROSPACE AND ELECTRONIC SYSTEMS MAGAZINE,A1,2021-2024
0885-8993,IEEE TRANSACTIONS ON POWER ELECTRONICS,A1,2021-2024
0886-3350,JOURNAL OF CATARACT & REFRACTIVE SURGERY,A1,2021-2024
0887-3585,PROTEINS (PRINT),A3,2021-2024
0887-3828,JOURNAL OF PERFORMANCE OF CONSTRUCTED FACILITIES,A3,2021-2024
0888-3270,MECHANICAL SYSTEMS AND SIGNAL PROCESSING,A1,2021-2024
0888-613X,INTERNATIONAL JOURNAL OF APPROXIMATE REASONING,A1,2021-2024
0888-7543,"GENOMICS (SAN DIEGO, CALIF.)",A2,2021-2024
0889-1575,JOURNAL OF FOOD COMPOSITION AND ANALYSIS (PRINT),A2,2021-2024
0890-5401,INFORMATION AND COMPUTATION (PRINT),B1,2021-2024
0890-8044,IEEE NETWORK,A1,2021-2024
0891-2556,CARBONATES AND EVAPORITES,B1,2021-2024
0892-1997,JOURNAL OF VOICE,A1,2021-2024
0893-6080,NEURAL NETWORKS,A1,2021-2024
0895-4801,SIAM JOURNAL ON DISCRETE MATHEMATICS (PRINT),A2,2021-2024
0895-6111,COMPUTERIZED MEDICAL IMAGING AND GRAPHICS,A1,2021-2024
0895-8696,JOURNAL OF MOLECULAR NEUROSCIENCE,A4,2021-2024
0895-9811,JOURNAL OF SOUTH AMERICAN EARTH SCIENCES,A2,2021-2024
0896-0267,BRAIN TOPOGRAPHY,A3,2021-2024
0896-6273,"NEURON (CAMBRIDGE, MASS.)",A1,2021-2024
0897-1889,JOURNAL OF DIGITAL IMAGING,A2,2021-2024
0898-1221,COMPUTERS & MATHEMATICS WITH APPLICATIONS (1987),A1,2021-2024
0903-1936,THE EUROPEAN RESPIRATORY JOURNAL,A1,2021-2024
0904-2512,JOURNAL OF ORAL PATHOLOGY & MEDICINE,A1,2021-2024
0911-0119,GRAPHS AND COMBINATORICS,B1,2021-2024
0916-8508,"IEICE TRANSACTIONS ON FUNDAMENTALS OF ELECTRONICS, COMMUNICATIONS AND COMPUTER SCIENCE",B3,2021-2024
0918-8959,ENDOCRINE JOURNAL (TOKYO),B1,2021-2024
0920-4105,JOURNAL OF PETROLEUM SCIENCE & ENGINEERING,A1,2021-2024
0920-5489,COMPUTER STANDARDS & INTERFACES,A1,2021-2024
0920-5691,INTERNATIONAL JOURNAL OF COMPUTER VISION,A1,2021-2024
0920-654X,JOURNAL OF COMPUTER-AIDED MOLECULAR DESIGN,A2,2021-2024
0920-8542,JOURNAL OF SUPERCOMPUTING,A2,2021-2024
0920-9964,SCHIZOPHRENIA RESEARCH (PRINT),A2,2021-2024
0921-0296,JOURNAL OF INTELLIGENT & ROBOTIC SYSTEMS,A2,2021-2024
0921-4488,SMALL RUMINANT RESEARCH,A2,2021-2024
0921-7126,AI COMMUNICATIONS,B2,2021-2024
0921-8890,ROBOTICS AND AUTONOMOUS SYSTEMS (PRINT),A1,2021-2024
0922-6443,REAL-TIME SYSTEMS,A4,2021-2024
0922-6567,MACHINE TRANSLATION,B1,2021-2024
0923-2508,RESEARCH IN MICROBIOLOGY (PARIS),B1,2021-2024
0923-5965,SIGNAL PROCESSING. IMAGE COMMUNICATION,A2,2021-2024
0923-8174,JOURNAL OF ELECTRONIC TESTING,B2,2021-2024
0924-090X,NONLINEAR DYNAMICS,A1,2021-2024
0924-1868,USER MODELING AND USER-ADAPTED INTERACTION,A1,2021-2024
0924-2716,ISPRS JOURNAL OF PHOTOGRAMMETRY AND REMOTE SENSING,A1,2021-2024
0924-669X,APPLIED INTELLIGENCE (BOSTON),A3,2021-2024
0924-8463,ARTIFICIAL INTELLIGENCE AND LAW,A1,2021-2024
0924-9338,EUROPEAN PSYCHIATRY (PARIS),A1,2021-2024
0924-977X,EUROPEAN NEUROPSYCHOPHARMACOLOGY,A1,2021-2024
0924-9907,JOURNAL OF MATHEMATICAL IMAGING AND VISION,A1,2021-2024
0925-1022,"DESIGNS, CODES AND CRYPTOGRAPHY",A1,2021-2024
0925-1030,ANALOG INTEGRATED CIRCUITS AND SIGNAL PROCESSING,A4,2021-2024
0925-2312,NEUROCOMPUTING (AMSTERDAM),A1,2021-2024
0925-4005,"SENSORS AND ACTUATORS. B, CHEMICAL",A1,2021-2024
0925-4439,BIOCHIMICA ET BIOPHYSICA ACTA. MOLECULAR BASIS OF DISEASE,A1,2021-2024
0925-5001,JOURNAL OF GLOBAL OPTIMIZATION,A2,2021-2024
0925-7535,SAFETY SCIENCE,A1,2021-2024
0925-7721,COMPUTATIONAL GEOMETRY,A4,2021-2024
0925-8531,"JOURNAL OF LOGIC, LANGUAGE AND INFORMATION",A1,2021-2024
0925-9724,COMPUTER SUPPORTED COOPERATIVE WORK,A2,2021-2024
0925-9902,JOURNAL OF INTELLIGENT INFORMATION SYSTEMS,A2,2021-2024
0926-227X,JOURNAL OF COMPUTER SECURITY,B1,2021-2024
0926-2644,GROUP DECISION AND NEGOTIATION,A1,2021-2024
0926-6003,COMPUTATIONAL OPTIMIZATION AND APPLICATIONS,A2,2021-2024
0926-6690,INDUSTRIAL CROPS AND PRODUCTS (PRINT),A1,2021-2024
0926-8782,DISTRIBUTED AND PARALLEL DATABASES,A4,2021-2024
0926-9630,STUDIES IN HEALTH TECHNOLOGY AND INFORMATICS,B2,2021-2024
0926-9851,JOURNAL OF APPLIED GEOPHYSICS,A2,2021-2024
0927-0248,SOLAR ENERGY MATERIALS AND SOLAR CELLS,A1,2021-2024
0927-0256,COMPUTATIONAL MATERIALS SCIENCE,A1,2021-2024
0927-7099,COMPUTATIONAL ECONOMICS,A2,2021-2024
0928-1541,IAWA JOURNAL,A3,2021-2024
0928-8910,AUTOMATED SOFTWARE ENGINEERING,A4,2021-2024
0929-5585,DESIGN AUTOMATION FOR EMBEDDED SYSTEMS,B2,2021-2024
0929-5593,AUTONOMOUS ROBOTS,A2,2021-2024
0929-6212,WIRELESS PERSONAL COMMUNICATIONS,A4,2021-2024
0929-8215,JOURNAL OF NEW MUSIC RESEARCH,A1,2021-2024
0931-1890,TREES (BERLIN. PRINT),A2,2021-2024
0931-2668,JOURNAL OF ANIMAL BREEDING AND GENETICS (1986),A1,2021-2024
0932-8092,MACHINE VISION AND APPLICATIONS,A3,2021-2024
0933-3657,ARTIFICIAL INTELLIGENCE IN MEDICINE (PRINT),A1,2021-2024
0933-5846,ARCHIVE FOR MATHEMATICAL LOGIC (PRINT),A3,2021-2024
0934-5043,FORMAL ASPECTS OF COMPUTING,A4,2021-2024
0934-9723,EUROPEAN JOURNAL OF CLINICAL MICROBIOLOGY & INFECTIOUS DISEASES (PRINT),A1,2021-2024
0935-1175,CONTINUUM MECHANICS AND THERMODYNAMICS (PRINT),A3,2021-2024
0937-9827,INTERNATIONAL JOURNAL OF LEGAL MEDICINE (PRINT),A2,2021-2024
0938-8974,JOURNAL OF NONLINEAR SCIENCE,A1,2021-2024
0940-1334,EUROPEAN ARCHIVES OF PSYCHIATRY AND CLINICAL NEUROSCIENCE,A1,2021-2024
0941-0643,NEURAL COMPUTING & APPLICATIONS (PRINT),A1,2021-2024
0941-4355,SUPPORTIVE CARE IN CANCER,A2,2021-2024
0942-4962,MULTIMEDIA SYSTEMS,A2,2021-2024
0943-4062,COMPUTATIONAL STATISTICS (ZEITSCHRIFT),A3,2021-2024
0943-7444,KNOWLEDGE ORGANIZATION,A2,2021-2024
0944-1344,ENVIRONMENTAL SCIENCE AND POLLUTION RESEARCH INTERNATIONAL,A2,2021-2024
0944-6532,JOURNAL OF CONVEX ANALYSIS,A4,2021-2024
0947-3580,EUROPEAN JOURNAL OF CONTROL,A2,2021-2024
0947-3602,REQUIREMENTS ENGINEERING (LONDON. PRINT),A2,2021-2024
0948-5023,JOURNAL OF MOLECULAR MODELING (ONLINE),A3,2021-2024
0948-695X,JOURNAL OF UNIVERSAL COMPUTER SCIENCE (PRINT),B1,2021-2024
0948-6968,JOURNAL OF UNIVERSAL COMPUTER SCIENCE,B1,2021-2024
0950-0618,CONSTRUCTION & BUILDING MATERIALS,A1,2021-2024
0950-2688,EPIDEMIOLOGY AND INFECTION (PRINT),A4,2021-2024
0950-3293,FOOD QUALITY AND PREFERENCE,A1,2021-2024
0950-4222,INDUSTRY & HIGHER EDUCATION,A2,2021-2024
0950-5849,INFORMATION AND SOFTWARE TECHNOLOGY,A2,2021-2024
0950-7051,KNOWLEDGE-BASED SYSTEMS,A1,2021-2024
0951-192X,INTERNATIONAL JOURNAL OF COMPUTER INTEGRATED MANUFACTURING (PRINT),A1,2021-2024
0951-5666,AI & SOCIETY,A1,2021-2024
0951-7715,NONLINEARITY (BRISTOL. PRINT),A1,2021-2024
0951-8320,RELIABILITY ENGINEERING & SYSTEMS SAFETY,A1,2021-2024
0952-1976,ENGINEERING APPLICATIONS OF ARTIFICIAL INTELLIGENCE,A1,2021-2024
0952-4622,BIOACOUSTICS (BERKHAMSTED),A3,2021-2024
0952-8091,INTERNATIONAL JOURNAL OF COMPUTER APPLICATIONS IN TECHNOLOGY,A4,2021-2024
0953-5438,INTERACTING WITH COMPUTERS,A3,2021-2024
0953-7325,TECHNOLOGY ANALYSIS & STRATEGIC MANAGEMENT,A1,2021-2024
0954-0091,CONNECTION SCIENCE (PRINT),A3,2021-2024
0954-0962,PUBLIC MONEY & MANAGEMENT,A1,2021-2024
0954-1748,JOURNAL OF INTERNATIONAL DEVELOPMENT,A2,2021-2024
0954-349X,STRUCTURAL CHANGE AND ECONOMIC DYNAMICS,A1,2021-2024
0955-792X,JOURNAL OF LOGIC AND COMPUTATION (PRINT),A2,2021-2024
0955-7997,ENGINEERING ANALYSIS WITH BOUNDARY ELEMENTS,A1,2021-2024
0956-5507,CYTOPATHOLOGY (OXFORD. PRINT),B1,2021-2024
0956-5663,BIOSENSORS & BIOELECTRONICS,A1,2021-2024
0956-7135,FOOD CONTROL,A1,2021-2024
0957-0233,MEASUREMENT SCIENCE & TECHNOLOGY (PRINT),A2,2021-2024
0957-4158,MECHATRONICS (OXFORD),A2,2021-2024
0957-4174,EXPERT SYSTEMS WITH APPLICATIONS,A1,2021-2024
0957-5243,CCC. CANCER CAUSES & CONTROL,A4,2021-2024
0959-1524,JOURNAL OF PROCESS CONTROL,A1,2021-2024
0959-3993,WORLD JOURNAL OF MICROBIOLOGY & BIOTECHNOLOGY,A2,2021-2024
0959-6518,"PROCEEDINGS OF THE INSTITUTION OF MECHANICAL ENGINEERS. PART I, JOURNAL OF SYSTEMS AND CONTROL ENGINEERING",A4,2021-2024
0959-6526,JOURNAL OF CLEANER PRODUCTION,A2,2021-2024
0960-0779,"CHAOS, SOLITONS AND FRACTALS",A1,2021-2024
0960-0833,"SOFTWARE TESTING, VERIFICATION & RELIABILITY",A4,2021-2024
0960-1295,MSCS. MATHEMATICAL STRUCTURES IN COMPUTER SCIENCE (PRINT),A4,2021-2024
0960-1481,RENEWABLE ENERGY,A1,2021-2024
0960-3085,FOOD AND BIOPRODUCTS PROCESSING,A1,2021-2024
0960-3174,STATISTICS AND COMPUTING,A2,2021-2024
0960-7692,ULTRASOUND IN OBSTETRICS & GYNECOLOGY (PRINT),A1,2021-2024
0960-8524,BIORESOURCE TECHNOLOGY,A1,2021-2024
0960-8923,OBESITY SURGERY,A1,2021-2024
0962-2802,STATISTICAL METHODS IN MEDICAL RESEARCH,A2,2021-2024
0962-8444,PROCEEDINGS OF THE ROYAL SOCIETY OF LONDON. MATHEMATICAL AND PHYSICAL SCIENCES,A1,2021-2024
0963-8695,NDT & E INTERNATIONAL,A1,2021-2024
0963-9314,SOFTWARE QUALITY JOURNAL,A3,2021-2024
0963-9969,FOOD RESEARCH INTERNATIONAL,A1,2021-2024
0964-7775,MUSEUM MANAGEMENT AND CURATORSHIP (1990),A1,2021-2024
0965-0911,PROCEEDINGS OF THE INSTITUTION OF CIVIL ENGINEERS. STRUCTURES AND BUILDINGS,A4,2021-2024
0965-9978,ADVANCES IN ENGINEERING SOFTWARE,A1,2021-2024
0966-3274,TRANSPLANT IMMUNOLOGY,B1,2021-2024
0966-9760,INTERNATIONAL JOURNAL OF EARLY YEARS EDUCATION,A4,2021-2024
0967-070X,TRANSPORT POLICY (OXFORD),A1,2021-2024
0967-0769,INTERNATIONAL JOURNAL OF LAW AND INFORMATION TECHNOLOGY,A1,2021-2024
0969-9988,ENGINEERING CONSTRUCTION AND ARCHITECTURAL MANAGEMENT (PRINT),A1,2021-2024
0972-0707,JOURNAL OF CONSERVATIVE DENTISTRY,B1,2021-2024
0972-6802,JOURNAL OF FUNCTION SPACES,C,2021-2024
0972-7272,JOURNAL OF DIGITAL INFORMATION MANAGEMENT,B3,2021-2024
0972-7981,JOURNAL OF ADVANCES IN MANAGEMENT RESEARCH,A2,2021-2024
0974-0635,INTERNATIONAL JOURNAL OF ARTIFICIAL INTELLIGENCE,A4,2021-2024
0975-4660,INTERNATIONAL JOURNAL OF COMPUTER SCIENCE AND INFORMATION TECHNOLOGY,C,2021-2024
0975-5861,GLOBAL JOURNAL OF RESEARCHES IN ENGINEERING,B4,2021-2024
0975-8887,INTERNATIONAL JOURNAL OF COMPUTER APPLICATIONS,C,2021-2024
0975-9018,INTERNATIONAL JOURNAL OF SOFTWARE ENGINEERING & APPLICATIONS (IJSEA),B2,2021-2024
1007-5704,COMMUNICATIONS IN NONLINEAR SCIENCE & NUMERICAL SIMULATION,A1,2021-2024
1010-6049,GEOCARTO INTERNATIONAL,A1,2021-2024
1012-2443,ANNALS OF MATHEMATICS AND ARTIFICIAL INTELLIGENCE,A3,2021-2024
1016-8664,STRUCTURAL ENGINEERING INTERNATIONAL (PRINT),A4,2021-2024
1017-0405,STATISTICA SINICA,A2,2021-2024
1017-1398,NUMERICAL ALGORITHMS,A2,2021-2024
1017-9909,JOURNAL OF ELECTRONIC IMAGING,B2,2021-2024
1018-3647,JOURNAL OF KING SAUD UNIVERSITY - SCIENCE,A1,2021-2024
1018-4813,EUROPEAN JOURNAL OF HUMAN GENETICS,A1,2021-2024
1018-4864,TELECOMMUNICATIONS SYSTEMS,A4,2021-2024
1020-4989,REVISTA PANAMERICANA DE SALUD PÚBLICA / PAN AMERICAN JOURNAL OF PUBLIC HEALTH,A1,2021-2024
1021-7762,FOLIA PHONIATRICA ET LOGOPAEDICA,A2,2021-2024
1022-0038,WIRELESS NETWORKS,A2,2021-2024
1024-123X,MATHEMATICAL PROBLEMS IN ENGINEERING (PRINT),C,2021-2024
1025-5842,COMPUTER METHODS IN BIOMECHANICS AND BIOMEDICAL ENGINEERING,A4,2021-2024
1026-0269,FROGLOG,C,2021-2024
1027-3719,THE INTERNATIONAL JOURNAL OF TUBERCULOSIS AND LUNG DISEASE,A3,2021-2024
1029-0273,ENGINEERING OPTIMIZATION (ONLINE),A1,2021-2024
1029-8436,THE INTERNATIONAL JOURNAL OF PAVEMENT ENGINEERING,A2,2021-2024
1040-8398,CRITICAL REVIEWS IN FOOD SCIENCE AND NUTRITION,A1,2021-2024
1040-8444,CRITICAL REVIEWS IN TOXICOLOGY,A1,2021-2024
1041-1135,IEEE PHOTONICS TECHNOLOGY LETTERS,A2,2021-2024
1042-7201,FORENSIC SCIENCE REVIEW,A3,2021-2024
1042-9832,RANDOM STRUCTURES & ALGORITHMS (PRINT),A2,2021-2024
1043-4666,CYTOKINE,A2,2021-2024
1044-0305,JOURNAL OF THE AMERICAN SOCIETY FOR MASS SPECTROMETRY,A2,2021-2024
1044-7318,INTERNATIONAL JOURNAL OF HUMAN-COMPUTER INTERACTION,A1,2021-2024
1046-283X,COMPUTATIONAL MATHEMATICS AND MODELING,B2,2021-2024
1046-8781,SIMULATION & GAMING,A1,2021-2024
1047-3203,JOURNAL OF VISUAL COMMUNICATION AND IMAGE REPRESENTATION (PRINT),A3,2021-2024
1049-331X,ACM TRANSACTIONS ON SOFTWARE ENGINEERING AND METHODOLOGY,A1,2021-2024
1049-4820,INTERACTIVE LEARNING ENVIRONMENTS,A1,2021-2024
1050-2947,PHYSICAL REVIEW. A,A2,2021-2024
1050-6926,THE JOURNAL OF GEOMETRIC ANALYSIS,A1,2021-2024
1050-7256,"THYROID (NEW YORK, N.Y.)",A1,2021-2024
1051-2004,DIGITAL SIGNAL PROCESSING (PRINT),A2,2021-2024
1051-8215,IEEE TRANSACTIONS ON CIRCUITS AND SYSTEMS FOR VIDEO TECHNOLOGY (PRINT),A1,2021-2024
1051-9815,"WORK (READING, MA)",B1,2021-2024
1052-6234,SIAM JOURNAL ON OPTIMIZATION (PRINT),A1,2021-2024
1053-2498,THE JOURNAL OF HEART AND LUNG TRANSPLANTATION,A1,2021-2024
1053-5888,IEEE SIGNAL PROCESSING MAGAZINE (PRINT),A1,2021-2024
1054-1500,"CHAOS (WOODBURY, N.Y.)",A2,2021-2024
1054-660X,LASER PHYSICS,A4,2021-2024
1055-4181,TECHNOLOGY AND DISABILITY,B1,2021-2024
1055-6788,OPTIMIZATION METHODS & SOFTWARE (PRINT),A2,2021-2024
1057-5219,INTERNATIONAL REVIEW OF FINANCIAL ANALYSIS,A1,2021-2024
1057-7149,IEEE TRANSACTIONS ON IMAGE PROCESSING,A1,2021-2024
1058-6180,IEEE ANNALS OF THE HISTORY OF COMPUTING,A4,2021-2024
1061-1967,RUSSIAN STUDIES IN PHILOSOPHY,B4,2021-2024
1061-3773,COMPUTER APPLICATIONS IN ENGINEERING EDUCATION,A1,2021-2024
1061-4036,NATURE GENETICS (PRINT),A1,2021-2024
1063-0732,THE JOURNAL OF URBAN TECHNOLOGY,A1,2021-2024
1063-4584,OSTEOARTHRITIS AND CARTILAGE,A1,2021-2024
1063-651X,"PHYSICAL REVIEW E - STATISTICAL PHYSICS, PLASMAS, FLUIDS AND RELATED INTERDISCIPLINARY TOPICS",A2,2021-2024
1063-6692,IEEE/ACM TRANSACTIONS ON NETWORKING (PRINT),A2,2021-2024
1063-6706,IEEE TRANSACTIONS ON FUZZY SYSTEMS,A1,2021-2024
1063-8016,JOURNAL OF DATABASE MANAGEMENT,A4,2021-2024
1063-8210,IEEE TRANSACTIONS ON VERY LARGE SCALE INTEGRATION (VLSI) SYSTEMS (PRINT),A2,2021-2024
1064-1246,JOURNAL OF INTELLIGENT & FUZZY SYSTEMS,A4,2021-2024
1064-7570,JOURNAL OF NETWORK AND SYSTEMS MANAGEMENT,A2,2021-2024
1064-8275,SIAM JOURNAL ON SCIENTIFIC COMPUTING (PRINT),A1,2021-2024
1066-5277,JOURNAL OF COMPUTATIONAL BIOLOGY,A3,2021-2024
1066-8888,THE VLDB JOURNAL,A1,2021-2024
1068-5200,OPTICAL FIBER TECHNOLOGY (PRINT),A3,2021-2024
1068-8471,JOURNAL OF THEORETICAL AND PHILOSOPHICAL PSYCHOLOGY,B1,2021-2024
1068-9605,INTERNATIONAL JOURNAL OF WIRELESS INFORMATION NETWORKS,A2,2021-2024
1069-2509,INTEGRATED COMPUTER-AIDED ENGINEERING,A1,2021-2024
1070-6631,PHYSICS OF FLUIDS (1994),A1,2021-2024
1070-986X,IEEE MULTIMEDIA,A2,2021-2024
1070-9908,IEEE SIGNAL PROCESSING LETTERS,A1,2021-2024
1070-9932,IEEE ROBOTICS & AUTOMATION MAGAZINE,A2,2021-2024
1071-5819,INTERNATIONAL JOURNAL OF HUMAN-COMPUTER STUDIES (PRINT),A1,2021-2024
1072-5520,INTERACTIONS,B1,2021-2024
1073-0516,ACM TRANSACTIONS ON COMPUTER-HUMAN INTERACTION,A2,2021-2024
1073-9149,INSTRUMENTATION SCIENCE & TECHNOLOGY,A4,2021-2024
1074-5351,INTERNATIONAL JOURNAL OF COMMUNICATION SYSTEMS (PRINT),A4,2021-2024
1074-9357,TOPICS IN STROKE REHABILITATION,A1,2021-2024
1076-9757,THE JOURNAL OF ARTIFICIAL INTELLIGENCE RESEARCH (PRINT),A2,2021-2024
1076-9986,JOURNAL OF EDUCATIONAL AND BEHAVIORAL STATISTICS,A2,2021-2024
1077-2626,IEEE TRANSACTIONS ON VISUALIZATION AND COMPUTER GRAPHICS,A1,2021-2024
1077-3142,COMPUTER VISION AND IMAGE UNDERSTANDING (PRINT),A2,2021-2024
1077-8926,THE ELECTRONIC JOURNAL OF COMBINATORICS,A3,2021-2024
1078-8956,NATURE MEDICINE (PRINT),A1,2021-2024
1080-5370,GPS SOLUTIONS (HEIDELBERG),A1,2021-2024
1080-6040,EMERGING INFECTIOUS DISEASES (PRINT),A1,2021-2024
1081-4159,JOURNAL OF DEAF STUDIES AND DEAF EDUCATION,A1,2021-2024
1081-597X,JOURNAL OF REFRACTIVE SURGERY (1995),A2,2021-2024
1082-6076,JOURNAL OF LIQUID CHROMATOGRAPHY & RELATED TECHNOLOGIES (PRINT),B1,2021-2024
1083-6489,ELECTRONIC JOURNAL OF PROBABILITY,A2,2021-2024
1084-4309,ACM TRANSACTIONS ON DESIGN AUTOMATION OF ELECTRONIC SYSTEMS,A4,2021-2024
1084-6654,ACM JOURNAL OF EXPERIMENTAL ALGORITHMICS,A4,2021-2024
1084-8045,JOURNAL OF NETWORK AND COMPUTER APPLICATIONS,A1,2021-2024
1086-055X,SPE JOURNAL (SOCIETY OF PETROLEUM ENGINEERS (U.S.). 1996),A2,2021-2024
1088-467X,INTELLIGENT DATA ANALYSIS (PRINT),B2,2021-2024
1089-778X,IEEE TRANSACTIONS ON EVOLUTIONARY COMPUTATION,A1,2021-2024
1089-7801,IEEE INTERNET COMPUTING,A2,2021-2024
1090-2724,JOURNAL OF COMPUTER AND SYSTEM SCIENCES (ONLINE),A3,2021-2024
1091-9856,INFORMS JOURNAL ON COMPUTING,A4,2021-2024
1093-3263,JOURNAL OF MOLECULAR GRAPHICS & MODELLING,A2,2021-2024
1094-4060,THE INTERNATIONAL JOURNAL OF ACCOUNTING,A2,2021-2024
1094-4087,OPTICS EXPRESS,A2,2021-2024
1094-6136,JOURNAL OF SCHEDULING,A3,2021-2024
1094-6969,IEEE INSTRUMENTATION & MEASUREMENT MAGAZINE,A4,2021-2024
1096-9128,CONCURRENCY AND COMPUTATION: PRACTICE & EXPERIENCE,A2,2021-2024
1097-0037,NETWORKS (NEW YORK ONLINE),A4,2021-2024
1097-0118,JOURNAL OF GRAPH THEORY (ONLINE),A3,2021-2024
1097-0134,PROTEINS (ONLINE),A3,2021-2024
1097-0193,HUMAN BRAIN MAPPING,A1,2021-2024
1097-024X,SOFTWARE: PRACTICE AND EXPERIENCE,A2,2021-2024
1097-198X,JOURNAL OF GLOBAL INFORMATION TECHNOLOGY MANAGEMENT,A2,2021-2024
1098-111X,INTERNATIONAL JOURNAL OF INTELLIGENT SYSTEMS,C,2021-2024
1098-1241,SYSTEMS ENGINEERING (PRINT),A4,2021-2024
1098-3015,VALUE IN HEALTH,A1,2021-2024
1098-8823,PROSTAGLANDINS & OTHER LIPID MEDIATORS,A4,2021-2024
1099-0755,AQUATIC CONSERVATION (ONLINE),A2,2021-2024
1099-1131,INTERNATIONAL JOURNAL OF COMMUNICATION SYSTEMS,A4,2021-2024
1099-114X,INTERNATIONAL JOURNAL OF ENERGY RESEARCH,C,2021-2024
1099-1190,INTERNATIONAL JOURNAL OF NETWORK MANAGEMENT (ONLINE),A3,2021-2024
1099-1239,INTERNATIONAL JOURNAL OF ROBUST AND NONLINEAR CONTROL,A1,2021-2024
1099-128X,JOURNAL OF CHEMOMETRICS (ONLINE),A2,2021-2024
1099-1689,"SOFTWARE TESTING, VERIFICATION AND RELIABILITY",A4,2021-2024
1099-4300,ENTROPY (BASEL. ONLINE),A2,2021-2024
1101-1262,EUROPEAN JOURNAL OF PUBLIC HEALTH,A1,2021-2024
1134-3060,ARCHIVES OF COMPUTATIONAL METHODS IN ENGINEERING,A1,2021-2024
1134-5632,MATHWARE & SOFT COMPUTING,B4,2021-2024
1134-5764,TOP (MADRID),A2,2021-2024
1135-5948,PROCESAMIENTO DEL LENGUAJE NATURAL,A1,2021-2024
1137-3601,INTELIGENCIA ARTIFICIAL,A4,2021-2024
1166-3081,JOURNAL OF APPLIED NON-CLASSICAL LOGICS,A2,2021-2024
1175-5334,ZOOTAXA (ONLINE),B1,2021-2024
1176-2322,APPLIED BIONICS AND BIOMECHANICS,B1,2021-2024
1176-3647,JOURNAL OF EDUCATIONAL TECHNOLOGY & SOCIETY,A1,2021-2024
1177-9322,BIOINFORMATICS AND BIOLOGY INSIGHTS,A1,2021-2024
1178-2390,JOURNAL OF MULTIDISCIPLINARY HEALTHCARE,A2,2021-2024
1206-212X,INTERNATIONAL JOURNAL OF COMPUTERS & APPLICATIONS,A3,2021-2024
1213-6972,JOURNAL OF WSCG,B3,2021-2024
1225-6463,ETRI JOURNAL,A3,2021-2024
1226-086X,JOURNAL OF INDUSTRIAL AND ENGINEERING CHEMISTRY - KOREAN SOCIETY OF INDUSTRIAL AND ENGINEERING CHEMISTRY,A1,2021-2024
1229-2370,JOURNAL OF COMMUNICATIONS AND NETWORKS (SEOUL. PRINT),A3,2021-2024
1234-3099,DISCUSSIONES MATHEMATICAE. GRAPH THEORY,A3,2021-2024
1234-950X,ACTA ANGIOLOGICA,B4,2021-2024
1270-6841,ETUDES DE COMMUNICATION,A2,2021-2024
1286-4579,MICROBES AND INFECTION,A1,2021-2024
1286-4854,EPL (EUROPHYSICS LETTERS),A4,2021-2024
1290-0729,INTERNATIONAL JOURNAL OF THERMAL SCIENCES,A1,2021-2024
1290-385X,RAIRO – THEORETICAL INFORMATICS AND APPLICATIONS,B3,2021-2024
1290-3868,RECHERCHE OPÉRATIONNELLE,A4,2021-2024
1292-8119,ESAIM CONTROL OPTIMIZATION AND CALCULUS VARIATIONS,A2,2021-2024
1309-1042,ATMOSPHERIC POLLUTION RESEARCH,A2,2021-2024
1314-2828,BIODIVERSITY DATA JOURNAL,A4,2021-2024
1319-1578,JOURNAL OF KING SAUD UNIVERSITY - COMPUTER AND INFORMATION SCIENCES,A1,2021-2024
1331-1441,KINESIOLOGY (ZAGREB),B1,2021-2024
1335-9150,COMPUTING AND INFORMATICS,B2,2021-2024
1338-4333,JOURNAL OF HYDROLOGY AND HYDROMECHANICS,A3,2021-2024
1343-8875,JOURNAL OF VISUALIZATION,A4,2021-2024
1346-9843,CIRCULATION JOURNAL,A2,2021-2024
1348-9151,PACIFIC JOURNAL OF OPTIMIZATION (PRINT),B2,2021-2024
1350-4495,INFRARED PHYSICS & TECHNOLOGY,A2,2021-2024
1350-4851,APPLIED ECONOMICS LETTERS (PRINT),A1,2021-2024
1350-911X,ELECTRONICS LETTERS (ONLINE),A4,2021-2024
1351-0088,ENDOCRINE-RELATED CANCER,A2,2021-2024
1351-3249,NATURAL LANGUAGE ENGINEERING (PRINT),A1,2021-2024
1352-2310,ATMOSPHERIC ENVIRONMENT,A1,2021-2024
1352-3252,LEGAL THEORY (PRINT),A1,2021-2024
1352-8661,MAGMA,A3,2021-2024
1353-3452,SCIENCE AND ENGINEERING ETHICS,A1,2021-2024
1355-0306,SCIENCE & JUSTICE,A3,2021-2024
1359-4184,MOLECULAR PSYCHIATRY,A1,2021-2024
1359-4311,APPLIED THERMAL ENGINEERING,A1,2021-2024
1359-4338,VIRTUAL REALITY (WALTHAM CROSS),A1,2021-2024
1359-6454,ACTA MATERIALIA (OXFORD),A1,2021-2024
1359-7620,PSYCHIATRY ON-LINE,B4,2021-2024
1360-0451,AIDS CARE,A3,2021-2024
1360-2276,TM & IH. TROPICAL MEDICINE AND INTERNATIONAL HEALTH (PRINT),A2,2021-2024
1360-2357,EDUCATION AND INFORMATION TECHNOLOGIES,A1,2021-2024
1361-1682,TRANSACTIONS IN GIS (PRINT),A3,2021-2024
1361-4568,NEW REVIEW OF HYPERMEDIA AND MULTIMEDIA,A3,2021-2024
1361-8415,MEDICAL IMAGE ANALYSIS (PRINT),A1,2021-2024
1362-3001,BEHAVIOUR & INFORMATION TECHNOLOGY (ONLINE),A1,2021-2024
1362-3052,INTERNATIONAL JOURNAL OF COMPUTER INTEGRATED MANUFACTURING (ONLINE),A1,2021-2024
1362-3079,JOURNAL OF EXPERIMENTAL AND THEORETICAL ARTIFICIAL INTELLIGENCE (ONLINE),A2,2021-2024
1362-4962,NUCLEIC ACIDS RESEARCH (ONLINE),A1,2021-2024
1364-0321,RENEWABLE & SUSTAINABLE ENERGY REVIEWS,A1,2021-2024
1364-503X,"PHILOSOPHICAL TRANSACTIONS - ROYAL SOCIETY. MATHEMATICAL, PHYSICAL AND ENGINEERING SCIENCES (PRINT)",A1,2021-2024
1364-5072,JOURNAL OF APPLIED MICROBIOLOGY (PRINT),A3,2021-2024
1364-8152,ENVIRONMENTAL MODELLING & SOFTWARE,A1,2021-2024
1365-2052,ANIMAL GENETICS,A1,2021-2024
1365-2869,JOURNAL OF SLEEP RESEARCH,A1,2021-2024
1365-313X,THE PLANT JOURNAL,A1,2021-2024
1365-8050,DISCRETE MATHEMATICS AND THEORETICAL COMPUTER SCIENCE (ONLINE),B2,2021-2024
1365-8816,INTERNATIONAL JOURNAL OF GEOGRAPHICAL INFORMATION SCIENCE (PRINT),A1,2021-2024
1366-5545,"TRANSPORTATION RESEARCH. PART E, LOGISTICS AND TRANSPORTATION REVIEW",A1,2021-2024
1366-588X,INTERNATIONAL JOURNAL OF PRODUCTION RESEARCH,A1,2021-2024
1366-5901,INTERNATIONAL JOURNAL OF REMOTE SENSING (ONLINE),A2,2021-2024
1367-0751,LOGIC JOURNAL OF THE IGPL (PRINT),A1,2021-2024
1367-4803,BIOINFORMATICS (OXFORD. PRINT),A1,2021-2024
1367-4811,BIOINFORMATICS (OXFORD. ONLINE),A1,2021-2024
1367-5788,ANNUAL REVIEWS IN CONTROL,A1,2021-2024
1368-5031,INTERNATIONAL JOURNAL OF CLINICAL PRACTICE (ESHER),A2,2021-2024
1368-8375,ORAL ONCOLOGY (1997),A1,2021-2024
1368-9800,PUBLIC HEALTH NUTRITION (WALLINGFORD),A1,2021-2024
1370-4621,NEURAL PROCESSING LETTERS,A4,2021-2024
1380-7501,MULTIMEDIA TOOLS AND APPLICATIONS,A2,2021-2024
1381-1231,JOURNAL OF HEURISTICS,A2,2021-2024
1382-3256,EMPIRICAL SOFTWARE ENGINEERING,A2,2021-2024
1382-6905,JOURNAL OF COMBINATORIAL OPTIMIZATION,A3,2021-2024
1383-469X,JOURNAL ON SPECIAL TOPICS IN MOBILE NETWORKS AND APPLICATIONS,A2,2021-2024
1383-7621,JOURNAL OF SYSTEMS ARCHITECTURE,A2,2021-2024
1384-5810,DATA MINING AND KNOWLEDGE DISCOVERY,A1,2021-2024
1384-6175,GEOINFORMATICA,A2,2021-2024
1385-2256,PRECISION AGRICULTURE (PRINT),A1,2021-2024
1385-8947,CHEMICAL ENGINEERING JOURNAL (1996),A1,2021-2024
1386-1425,"SPECTROCHIMICA ACTA. PART A, MOLECULAR AND BIOMOLECULAR SPECTROSCOPY (PRINT)",A1,2021-2024
1386-145X,WORLD WIDE WEB,A2,2021-2024
1386-2588,AQUATIC ECOLOGY (PRINT),A3,2021-2024
1386-4564,INFORMATION RETRIEVAL,A2,2021-2024
1386-5056,INTERNATIONAL JOURNAL OF MEDICAL INFORMATICS,A1,2021-2024
1386-7857,CLUSTER COMPUTING,A2,2021-2024
1387-2532,AUTONOMOUS AGENTS AND MULTI-AGENT SYSTEMS,A4,2021-2024
1387-2877,JOURNAL OF ALZHEIMER'S DISEASE,A2,2021-2024
1387-974X,PHOTONIC NETWORK COMMUNICATIONS,A4,2021-2024
1388-5545,NEMATOLOGY (LEIDEN. PRINT),A4,2021-2024
1389-0417,COGNITIVE SYSTEMS RESEARCH,A3,2021-2024
1389-1286,COMPUTER NETWORKS,A1,2021-2024
1389-2037,CURRENT PROTEIN AND PEPTIDE SCIENCE,B1,2021-2024
1389-2576,GENETIC PROGRAMMING AND EVOLVABLE MACHINES,A2,2021-2024
1389-4420,OPTIMIZATION AND ENGINEERING (PRINT),A3,2021-2024
1392-6292,MATHEMATICAL MODELLING AND ANALYSIS,A1,2021-2024
1396-0466,FIRST MONDAY (ONLINE),A1,2021-2024
1405-213X,BOLETÍN DE LA SOCIEDAD MATEMÁTICA MEXICANA,A3,2021-2024
1413-2060,DOXA: REVISTA BRASILEIRA DE PSICOLOGIA E EDUCAÇÃO,A4,2021-2024
1413-8123,CIÊNCIA E SAÚDE COLETIVA (IMPRESSO),A1,2021-2024
1413-8670,THE BRAZILIAN JOURNAL OF INFECTIOUS DISEASES (IMPRESSO),A3,2021-2024
1413-9014,CADERNOS DO IME. SÉRIE INFORMÁTICA,C,2021-2024
1414-431X,BRAZILIAN JOURNAL OF MEDICAL AND BIOLOGICAL RESEARCH,A2,2021-2024
1414-462X,CADERNOS SAÚDE COLETIVA (UFRJ),B1,2021-2024
1414-5685,REVISTA BRASILEIRA DE INFORMÁTICA NA EDUCAÇÃO,A3,2021-2024
1414-7327,CONCILIUM (BRASIL),A2,2021-2024
1414-8145,ESCOLA ANNA NERY,A4,2021-2024
1414-8498,TECNOLOGIA & CULTURA (CEFET/RJ),B3,2021-2024
1414-8862,ELETRÔNICA DE POTÊNCIA (IMPRESSO),B1,2021-2024
1415-4757,GENETICS AND MOLECULAR BIOLOGY (IMPRESSO),A3,2021-2024
1415-8876,AMBIENTE CONSTRUÍDO,A3,2021-2024
1420-0597,COMPUTATIONAL GEOSCIENCES (AMSTERDAM),A2,2021-2024
1420-2026,ENVIRONMENTAL MODELING & ASSESSMENT,A3,2021-2024
1420-3049,MOLECULES (BASEL. ONLINE),A2,2021-2024
1420-326X,INDOOR + BUILT ENVIRONMENT,A2,2021-2024
1422-0067,INTERNATIONAL JOURNAL OF MOLECULAR SCIENCES (ONLINE),A1,2021-2024
1424-1250,INTERNATIONAL JOURNAL ON MEDIA MANAGEMENT,A3,2021-2024
1424-8220,SENSORS (BASEL),A4,2021-2024
1424-8247,PHARMACEUTICALS,A2,2021-2024
1431-9276,MICROSCOPY AND MICROANALYSIS (PRINT),A1,2021-2024
1432-010X,REQUIREMENTS ENGINEERING,A2,2021-2024
1432-0541,ALGORITHMICA (NEW YORK. INTERNET),A4,2021-2024
1432-1076,EUROPEN JOURNAL OF PEDIATRICS,A2,2021-2024
1432-1769,MACHINE VISION AND APPLICATIONS (INTERNET),A3,2021-2024
1432-1882,MULTIMEDIA SYSTEMS (ONLINE),A2,2021-2024
1432-2056,POLAR BIOLOGY,A3,2021-2024
1432-2315,THE VISUAL COMPUTER (INTERNET),A2,2021-2024
1432-4350,THEORY OF COMPUTING SYSTEMS,B1,2021-2024
1432-5012,INTERNATIONAL JOURNAL ON DIGITAL LIBRARIES (PRINT),A2,2021-2024
1432-7643,SOFT COMPUTING (BERLIN. PRINT),A1,2021-2024
1433-2779,INTERNATIONAL JOURNAL ON SOFTWARE TOOLS FOR TECHNOLOGY TRANSFER (PRINT),A4,2021-2024
1433-2833,INTERNATIONAL JOURNAL ON DOCUMENT ANALYSIS AND RECOGNITION (PRINT),A3,2021-2024
1433-3015,INTERNATIONAL JOURNAL OF ADVANCED MANUFACTURING TECHNOLOGY (INTERNET),A2,2021-2024
1433-3058,NEURAL COMPUTING & APPLICATIONS (INTERNET),A1,2021-2024
1433-7479,SOFT COMPUTING,A1,2021-2024
1433-7541,PATTERN ANALYSIS AND APPLICATIONS (PRINT),A2,2021-2024
1433-755X,PATTERN ANALYSIS AND APPLICATIONS,A2,2021-2024
1433-8157,JOURNAL FOR GEOMETRY AND GRAPHICS,B4,2021-2024
1434-4483,THEORETICAL AND APPLIED CLIMATOLOGY,A2,2021-2024
1434-6028,"THE EUROPEAN PHYSICAL JOURNAL. B, CONDENSED MATTER PHYSICS (PRINT)",A4,2021-2024
1434-6036,"EUROPEAN PHYSICAL JOURNAL. B, CONDENSED MATTER AND COMPLEX SYSTEMS (INTERNET)",A4,2021-2024
1434-8411,AEU - INTERNATIONAL JOURNAL OF ELECTRONICS AND COMMUNICATIONS,A2,2021-2024
1435-5558,"COGNITION, TECHNOLOGY & WORK (PRINT)",A1,2021-2024
1435-5566,COGNITION TECHNOLOGY & WORK,A1,2021-2024
1435-5930,JOURNAL OF GEOGRAPHICAL SYSTEMS (PRINT),A4,2021-2024
1436-3240,STOCHASTIC ENVIRONMENTAL RESEARCH AND RISK ASSESSMENT (PRINT),A1,2021-2024
1436-3771,CLINICAL ORAL INVESTIGATIONS (INTERNET),A1,2021-2024
1436-4522,EDUCATIONAL TECHNOLOGY & SOCIETY,A1,2021-2024
1436-4646,MATHEMATICAL PROGRAMMING (ONLINE),A1,2021-2024
1436-5057,COMPUTING (WIEN. INTERNET),A1,2021-2024
1438-793X,FUNCTIONAL & INTEGRATIVE GENOMICS (PRINT),A2,2021-2024
1438-8871,JMIR. JOURNAL OF MEDICAL INTERNET RESEARCH,A1,2021-2024
1439-0469,JOURNAL OF ZOOLOGICAL SYSTEMATICS AND EVOLUTIONARY RESEARCH (ONLINE),C,2021-2024
1448-5869,INTERNATIONAL JOURNAL OF HYBRID INTELLIGENT SYSTEMS,A2,2021-2024
1460-2059,BIOINFORMATICS (ONLINE),A1,2021-2024
1460-2067,COMPUTER JOURNAL (ONLINE),A4,2021-2024
1460-4582,HEALTH INFORMATICS JOURNAL,A2,2021-2024
1460-7425,JASSS (GUILDFORD),A3,2021-2024
1461-3484,"JOURNAL OF LOW FREQUENCY NOISE, VIBRATION AND ACTIVE CONTROL",A2,2021-2024
1461-4448,NEW MEDIA & SOCIETY (PRINT),A1,2021-2024
1462-6268,DIGITAL CREATIVITY (EXETER),A2,2021-2024
1462-9011,ENVIRONMENTAL SCIENCE & POLICY,A1,2021-2024
1463-5771,BENCHMARKING: AN INTERNATIONAL JOURNAL,A1,2021-2024
1463-7154,BUSINESS PROCESS MANAGEMENT JOURNAL,A1,2021-2024
1463-9076,PCCP. PHYSICAL CHEMISTRY CHEMICAL PHYSICS (PRINT),A2,2021-2024
1463-9084,PHYSICAL CHEMISTRY CHEMICAL PHYSICS,A2,2021-2024
1464-5149,HISTORY AND PHILOSOPHY OF LOGIC,A3,2021-2024
1465-363X,JOURNAL OF LOGIC AND COMPUTATION,A2,2021-2024
1466-8033,CRYSTENGCOMM (CAMBRIDGE. ONLINE),A2,2021-2024
1467-0895,INTERNATIONAL JOURNAL OF ACCOUNTING INFORMATION SYSTEMS,A1,2021-2024
1467-6370,INTERNATIONAL JOURNAL OF SUSTAINABILITY IN HIGHER EDUCATION,A1,2021-2024
1467-8640,COMPUTATIONAL INTELLIGENCE (ONLINE),A1,2021-2024
1467-8659,COMPUTER GRAPHICS FORUM (ONLINE),A2,2021-2024
1467-9272,PROFESSIONAL GEOGRAPHER,A2,2021-2024
1467-9671,TRANSACTIONS IN GIS,A3,2021-2024
1468-0394,EXPERT SYSTEMS (ONLINE),A2,2021-2024
1468-0408,FINANCIAL ACCOUNTABILITY & MANAGEMENT (ONLINE),A1,2021-2024
1468-0629,ROAD MATERIALS AND PAVEMENT DESIGN,A2,2021-2024
1468-1218,NONLINEAR ANALYSIS: REAL WORLD APPLICATIONS,A1,2021-2024
1469-0268,INTERNATIONAL JOURNAL ON COMPUTATIONAL INTELLIGENCE AND APPLICATIONS,B1,2021-2024
1469-7793,THE JOURNAL OF PHYSIOLOGY,A1,2021-2024
1469-8005,KNOWLEDGE ENGINEERING REVIEW (ONLINE),A3,2021-2024
1470-1626,REPRODUCTION (CAMBRIDGE),A1,2021-2024
1470-6431,INTERNATIONAL JOURNAL OF CONSUMER STUDIES,A1,2021-2024
1470-9503,INTERNATIONAL JOURNAL OF NETWORKING AND VIRTUAL ORGANISATIONS,B1,2021-2024
1471-2105,BMC BIOINFORMATICS,A1,2021-2024
1471-2164,BMC GENOMICS,A3,2021-2024
1471-2288,BMC MEDICAL RESEARCH METHODOLOGY (ONLINE),A1,2021-2024
1471-2334,BMC INFECTIOUS DISEASES (ONLINE),A3,2021-2024
1471-2369,BMC NEPHROLOGY,A3,2021-2024
1471-2393,BMC PREGNANCY AND CHILDBIRTH (ONLINE),A1,2021-2024
1471-244X,BMC PSYCHIATRY (ONLINE),A1,2021-2024
1471-2458,BMC PUBLIC HEALTH (ONLINE),A1,2021-2024
1471-678X,IMA JOURNAL OF MANAGEMENT MATHEMATICS (PRINT),A2,2021-2024
1472-0817,JOURNAL OF CONSUMER BEHAVIOUR,A1,2021-2024
1472-6920,BMC MEDICAL EDUCATION (ONLINE),A2,2021-2024
1472-6947,BMC MEDICAL INFORMATICS AND DECISION MAKING (ONLINE),A1,2021-2024
1472-6963,BMC HEALTH SERVICES RESEARCH (ONLINE),A1,2021-2024
1472-9792,TUBERCULOSIS (EDINBURGH),A4,2021-2024
1473-8716,INFORMATION VISUALIZATION,A3,2021-2024
1474-0346,ADVANCED ENGINEERING INFORMATICS,A1,2021-2024
1475-2875,MALARIA JOURNAL (ONLINE),A3,2021-2024
1475-3081,THEORY AND PRACTICE OF LOGIC PROGRAMMING (ONLINE),A1,2021-2024
1475-3995,INTERNATIONAL TRANSACTIONS IN OPERATIONAL RESEARCH,A2,2021-2024
1475-925X,BIOMEDICAL ENGINEERING ONLINE (ONLINE),A2,2021-2024
1475-9276,INTERNATIONAL JOURNAL FOR EQUITY IN HEALTH (ONLINE),A1,2021-2024
1476-1289,INTERNATIONAL JOURNAL OF WEB ENGINEERING AND TECHNOLOGY,B4,2021-2024
1476-542X,DENTOMAXILLOFACIAL RADIOLOGY (ONLINE),A1,2021-2024
1476-8186,INTERNATIONAL JOURNAL OF AUTOMATION AND COMPUTING,A3,2021-2024
1476-9271,COMPUTATIONAL BIOLOGY AND CHEMISTRY (PRINT),A2,2021-2024
1477-0369,TRANSACTIONS OF THE INSTITUTE OF MEASUREMENT AND CONTROL (ONLINE),A4,2021-2024
1477-4054,BRIEFINGS IN BIOINFORMATICS,A1,2021-2024
1477-7266,JOURNAL OF HEALTH ORGANIZATION AND MANAGEMENT,A4,2021-2024
1477-8386,INTERNATIONAL JOURNAL OF LEARNING TECHNOLOGY (PRINT),B2,2021-2024
1478-0887,QUALITATIVE RESEARCH IN PSYCHOLOGY (PRINT),A1,2021-2024
1478-3363,TOTAL QUALITY MANAGEMENT & BUSINESS EXCELLENCE,A1,2021-2024
1516-084X,INFORMÁTICA NA EDUCAÇÃO (IMPRESSO),A4,2021-2024
1516-5388,EDUCAÇÃO MATEMÁTICA PESQUISA (IMPRESSO),A1,2021-2024
1516-9375,ESPAÇO E GEOGRAFIA (UNB),A3,2021-2024
1517-0306,PRINCIPIA (JOÃO PESSOA),B2,2021-2024
1517-2473,ESTUDOS INTERDISCIPLINARES SOBRE O ENVELHECIMENTO,A4,2021-2024
1517-6312,THEMA (PELOTAS),A2,2021-2024
1517-7076,MATÉRIA (UFRJ),B3,2021-2024
1517-9702,EDUCAÇÃO E PESQUISA (USP.IMPRESSO),A1,2021-2024
1518-2924,ENCONTROS BIBLI (ONLINE),A1,2021-2024
1518-3483,REVISTA DIÁLOGO EDUCACIONAL (PUCPR. IMPRESSO),A1,2021-2024
1518-7470,REVISTA MACKENZIE DE ENGENHARIA E COMPUTAÇÃO (IMPRESSO),B3,2021-2024
1518-8353,CIÊNCIA DA INFORMAÇÃO (ONLINE),A2,2021-2024
1518-8787,REVISTA DE SAÚDE PÚBLICA (ONLINE),A1,2021-2024
1519-132X,CADERNOS DE INFORMÁTICA (UFRGS),C,2021-2024
1519-8219,REVISTA ELETRÔNICA DE INICIAÇÃO CIENTÍFICA,C,2021-2024
1519-8847,INTERAGIR (UERJ),B2,2021-2024
1520-6904,JOURNAL OF ORGANIC CHEMISTRY (ONLINE),A2,2021-2024
1520-9202,IT PROFESSIONAL,A4,2021-2024
1520-9210,IEEE TRANSACTIONS ON MULTIMEDIA,A1,2021-2024
1521-3951,"PHYSICA STATUS SOLIDI. B, BASIC RESEARCH (ONLINE)",B1,2021-2024
1521-6616,"CLINICAL IMMUNOLOGY (ORLANDO, FLA. PRINT)",A2,2021-2024
1521-9615,COMPUTING IN SCIENCE & ENGINEERING (PRINT),A3,2021-2024
1522-8835,JOURNAL OF TECHNOLOGY IN HUMAN SERVICES (PRINT),A2,2021-2024
1524-0703,GRAPHICAL MODELS (PRINT),A1,2021-2024
1524-9050,IEEE TRANSACTIONS ON INTELLIGENT TRANSPORTATION SYSTEMS (PRINT),A1,2021-2024
1525-5050,EPILEPSY & BEHAVIOR (PRINT),A3,2021-2024
1525-8955,"IEEE TRANSACTIONS ON ULTRASONICS, FERROELECTRICS, AND FREQUENCY CONTROL",A1,2021-2024
1526-1719,JOURNAL OF GRAPH ALGORITHMS AND APPLICATIONS,B1,2021-2024
1526-5471,MATHEMATICS OF OPERATIONS RESEARCH (ONLINE),A1,2021-2024
1526-5900,THE JOURNAL OF PAIN (PRINT),A2,2021-2024
1527-2648,ADVANCED ENGINEERING MATERIALS,A3,2021-2024
1529-3785,ACM TRANSACTIONS ON COMPUTATIONAL LOGIC,A2,2021-2024
1530-0315,MEDICINE & SCIENCE IN SPORTS & EXERCISE,A1,2021-2024
1530-437X,IEEE SENSORS JOURNAL,A1,2021-2024
1530-4388,IEEE TRANSACTIONS ON DEVICE AND MATERIALS RELIABILITY,A3,2021-2024
1530-5627,TELEMEDICINE JOURNAL AND E-HEALTH,A1,2021-2024
1530-8677,WIRELESS COMMUNICATIONS AND MOBILE COMPUTING,C,2021-2024
1530-888X,NEURAL COMPUTATION (ONLINE),A1,2021-2024
1530-9304,EVOLUTIONARY COMPUTATION (ONLINE),A2,2021-2024
1530-9312,COMPUTATIONAL LINGUISTICS - ASSOCIATION FOR COMPUTATIONAL LINGUISTICS (ONLINE),A1,2021-2024
1531-3263,PRESENCE,B1,2021-2024
1531-3492,DISCRETE AND CONTINUOUS DYNAMICAL SYSTEMS. SERIES B,A2,2021-2024
1531-5878,"CIRCUITS, SYSTEMS, AND SIGNAL PROCESSING (ONLINE)",A3,2021-2024
1531-636X,"IEEE CIRCUITS AND SYSTEMS MAGAZINE (NEW YORK, N.Y. 2001: PRINT)",A2,2021-2024
1532-0464,JOURNAL OF BIOMEDICAL INFORMATICS,A2,2021-2024
1532-0626,CONCURRENCY AND COMPUTATION: PRACTICE & EXPERIENCE,A2,2021-2024
1532-0634,CONCURRENCY AND COMPUTATION: PRACTICE & EXPERIENCE,A2,2021-2024
1532-2092,EUROPACE (ONLINE) (LONDON),A1,2021-2024
1532-5008,ELECTRIC POWER COMPONENTS AND SYSTEMS,B1,2021-2024
1532-6349,STOCHASTIC MODELS,B2,2021-2024
1532-7590,INTERNATIONAL JOURNAL OF HUMAN-COMPUTER INTERACTION (ONLINE),A1,2021-2024
1533-5399,ACM TRANSACTIONS ON INTERNET TECHNOLOGY,A1,2021-2024
1533-7928,JOURNAL OF MACHINE LEARNING RESEARCH (ONLINE),A1,2021-2024
1535-3893,JOURNAL OF PROTEOME RESEARCH (PRINT),A2,2021-2024
1536-1276,IEEE TRANSACTIONS ON WIRELESS COMMUNICATIONS,A1,2021-2024
1536-1284,IEEE WIRELESS COMMUNICATIONS,A1,2021-2024
1537-5110,BIOSYSTEMS ENGINEERING,A1,2021-2024
1538-0254,JOURNAL OF BIOMOLECULAR STRUCTURE AND DYNAMICS,A2,2021-2024
1538-4632,GEOGRAPHICAL ANALYSIS,A3,2021-2024
1538-7836,JOURNAL OF THROMBOSIS AND HAEMOSTASIS,A1,2021-2024
1538-9774,"COMPUTERS, INFORMATICS, NURSING (ONLINE)",A3,2021-2024
1539-1523,JOURNAL OF RESEARCH ON TECHNOLOGY IN EDUCATION,A1,2021-2024
1539-2791,NEUROINFORMATICS,A3,2021-2024
1539-3100,INTERNATIONAL JOURNAL OF DISTANCE EDUCATION TECHNOLOGIES,A1,2021-2024
1539-3755,PHYSICAL REVIEW E,A2,2021-2024
1539-9087,ACM TRANSACTIONS ON EMBEDDED COMPUTING SYSTEMS,A3,2021-2024
1540-496X,EMERGING MARKETS FINANCE AND TRADE,A1,2021-2024
1540-7993,IEEE SECURITY & PRIVACY,A1,2021-2024
1540-9589,JOURNAL OF WEB ENGINEERING,B2,2021-2024
1541-1389,PEER REVIEW,A4,2021-2024
1544-3566,ACM TRANSACTIONS ON ARCHITECTURE AND CODE OPTIMIZATION,A4,2021-2024
1545-2263,STRUCTURAL CONTROL AND HEALTH MONITORING,A3,2021-2024
1545-5815,ACCOUNTABILITY IN RESEARCH,A2,2021-2024
1545-5955,IEEE TRANSACTIONS ON AUTOMATION SCIENCE AND ENGINEERING,A1,2021-2024
1545-5971,IEEE TRANSACTIONS ON DEPENDABLE AND SECURE COMPUTING,A1,2021-2024
1545-598X,IEEE GEOSCIENCE AND REMOTE SENSING LETTERS (PRINT),A1,2021-2024
1545-9683,NEUROREHABILITATION AND NEURAL REPAIR,A1,2021-2024
1547-2450,JOURNAL OF INTELLIGENT TRANSPORTATION SYSTEMS,A1,2021-2024
1547-5816,JOURNAL OF INDUSTRIAL AND MANAGEMENT OPTIMIZATION,A4,2021-2024
1547-6286,RNA BIOLOGY,A3,2021-2024
1548-0992,REVISTA IEEE AMÉRICA LATINA,B1,2021-2024
1548-1115,INTERNATIONAL JOURNAL OF ENTERPRISE INFORMATION SYSTEMS,A3,2021-2024
1548-3886,INTERNATIONAL JOURNAL OF ELECTRONIC GOVERNMENT RESEARCH,A3,2021-2024
1548-7091,NATURE METHODS,A1,2021-2024
1549-3636,JOURNAL OF COMPUTER SCIENCES,B2,2021-2024
1549-7747,"IEEE TRANSACTIONS ON CIRCUITS AND SYSTEMS. II, EXPRESS BRIEFS",A2,2021-2024
1549-8328,"IEEE TRANSACTIONS ON CIRCUITS AND SYSTEMS. I, REGULAR PAPERS (PRINT)",A2,2021-2024
1549-9596,JOURNAL OF CHEMICAL INFORMATION AND MODELING,A1,2021-2024
1549-9618,JOURNAL OF CHEMICAL THEORY AND COMPUTATION,A1,2021-2024
1550-1876,INTERNATIONAL JOURNAL OF INFORMATION AND COMMUNICATION TECHNOLOGY EDUCATION,A2,2021-2024
1550-4646,JOURNAL OF MOBILE MULTIMEDIA,A4,2021-2024
1550-4832,ACM JOURNAL ON EMERGING TECHNOLOGIES IN COMPUTING SYSTEMS,A3,2021-2024
1550-4859,ACM TRANSACTIONS ON SENSOR NETWORKS,A3,2021-2024
1551-0018,MATHEMATICAL BIOSCIENCES AND ENGINEERING (ONLINE),A3,2021-2024
1551-3203,IEEE TRANSACTIONS ON INDUSTRIAL INFORMATICS,A1,2021-2024
1551-3939,FOUNDATIONS AND TRENDS IN ELECTRONIC DESIGN AUTOMATION,C,2021-2024
1551-6857,ACM TRANSACTIONS ON MULTIMEDIA COMPUTING COMMUNICATIONS AND APPLICATIONS,A1,2021-2024
1552-5260,ALZHEIMER'S & DEMENTIA,A1,2021-2024
1552-6283,INTERNATIONAL JOURNAL ON SEMANTIC WEB AND INFORMATION SYSTEMS,A2,2021-2024
1552-6607,JOURNAL OF COMPUTER SCIENCE,B2,2021-2024
1553-3514,SURGICAL INNOVATION,A3,2021-2024
1553-7358,PLOS COMPUTATIONAL BIOLOGY (ONLINE),A1,2021-2024
1553-779X,INTERNATIONAL JOURNAL OF EMERGING ELECTRIC POWER SYSTEMS,A4,2021-2024
1553-877X,IEEE COMMUNICATIONS SURVEYS AND TUTORIALS,A1,2021-2024
1554-1010,JOURNAL OF INFORMATION ASSURANCE AND SECURITY,B4,2021-2024
1554-3528,BEHAVIOR RESEARCH METHODS,A1,2021-2024
1555-8584,RNA BIOLOGY,A3,2021-2024
1555-9041,CLINICAL JOURNAL OF THE AMERICAN SOCIETY OF NEPHROLOGY,A1,2021-2024
1555-905X,CLINICAL JOURNAL OF THE AMERICAN SOCIETY OF NEPHROLOGY (ONLINE),A1,2021-2024
1556-4681,ACM TRANSACTIONS ON KNOWLEDGE DISCOVERY FROM DATA,A2,2021-2024
1556-4959,JOURNAL OF FIELD ROBOTICS,A1,2021-2024
1556-5068,COMPARATIVE LAW EJOURNAL,A1,2021-2024
1556-6013,IEEE TRANSACTIONS ON INFORMATION FORENSICS AND SECURITY,A1,2021-2024
1556-7036,"ENERGY SOURCES. PART A, RECOVERY, UTILIZATION, AND ENVIRONMENTAL EFFECTS",A2,2021-2024
1557-1955,"PLASMONICS (NORWELL, MASS.)",A3,2021-2024
1557-8666,JOURNAL OF COMPUTATIONAL BIOLOGY,A3,2021-2024
1557-9611,IEEE TRANSACTIONS ON BROADCASTING (ONLINE),A2,2021-2024
1557-9956,IEEE TRANSACTIONS ON COMPUTERS,A2,2021-2024
1557-9964,IEEE/ACM TRANSACTIONS ON COMPUTATIONAL BIOLOGY AND BIOINFORMATICS,A1,2021-2024
1558-0571,IEEE GEOSCIENCE AND REMOTE SENSING LETTERS,A1,2021-2024
1558-0660,IEEE TRANSACTIONS ON MOBILE COMPUTING,A1,2021-2024
1558-0806,"IEEE TRANSACTIONS ON CIRCUITS AND SYSTEMS. I, REGULAR PAPERS (ONLINE)",A2,2021-2024
1558-1748,IEEE SENSORS JOURNAL,A1,2021-2024
1558-2183,IEEE TRANSACTIONS ON PARALLEL AND DISTRIBUTED SYSTEMS,A1,2021-2024
1558-2191,IEEE TRANSACTIONS ON KNOWLEDGE AND DATA ENGINEERING,A1,2021-2024
1558-2558,IEEE COMMUNICATIONS LETTERS,A1,2021-2024
1559-1131,ACM TRANSACTIONS ON THE WEB,A3,2021-2024
1559-6915,APPLIED COMPUTING REVIEW,B4,2021-2024
1559-8608,JOURNAL OF STATISTICAL THEORY AND PRACTICE,B2,2021-2024
1560-4306,INTERNATIONAL JOURNAL OF ARTIFICIAL INTELLIGENCE IN EDUCATION,A1,2021-2024
1562-2479,INTERNATIONAL JOURNAL OF FUZZY SYSTEMS,A1,2021-2024
1563-5147,MATHEMATICAL PROBLEMS IN ENGINEERING (ONLINE),C,2021-2024
1566-113X,NETWORKS AND SPATIAL ECONOMICS,A4,2021-2024
1566-1199,ORGANIC ELECTRONICS (PRINT),A2,2021-2024
1566-2535,INFORMATION FUSION (PRINT),A1,2021-2024
1567-1348,"INFECTION, GENETICS AND EVOLUTION (PRINT)",A1,2021-2024
1567-1364,FEMS YEAST RESEARCH (ONLINE),A4,2021-2024
1567-4223,ELECTRONIC COMMERCE RESEARCH AND APPLICATIONS,A1,2021-2024
1567-7818,NATURAL COMPUTING,A4,2021-2024
1568-0266,CURRENT TOPICS IN MEDICINAL CHEMISTRY (PRINT),A3,2021-2024
1568-4946,APPLIED SOFT COMPUTING (PRINT),A1,2021-2024
1569-1101,GERONTECHNOLOGY (VALKENSWAARD. GEDRUKT),B2,2021-2024
1569-1551,JOURNAL OF DESIGN RESEARCH (ONLINE),B1,2021-2024
1569-190X,SIMULATION MODELLING PRACTICE AND THEORY,A1,2021-2024
1569-4410,PHOTONICS AND NANOSTRUCTURES (PRINT),A3,2021-2024
1569-8025,JOURNAL OF COMPUTATIONAL ELECTRONICS (PRINT),A3,2021-2024
1569-8432,INTERNATIONAL JOURNAL OF APPLIED EARTH OBSERVATION AND GEOINFORMATION,A1,2021-2024
1570-0844,"SEMANTIC WEB: INTEROPERABILITY, USABILITY, APPLICABILITY",A2,2021-2024
1570-1255,INFORMATION POLITY,A3,2021-2024
1570-5838,APPLIED ONTOLOGY,A1,2021-2024
1570-7873,JOURNAL OF GRID COMPUTING,A2,2021-2024
1570-8268,JOURNAL OF WEB SEMANTICS,A3,2021-2024
1570-8705,AD HOC NETWORKS,A1,2021-2024
1570-9639,BIOCHIMICA ET BIOPHYSICA ACTA. PROTEINS AND PROTEOMICS,A2,2021-2024
1571-0645,PHYSICS OF LIFE REVIEWS (PRINT),A1,2021-2024
1572-1000,PHOTODIAGNOSIS AND PHOTODYNAMIC THERAPY (PRINT),A2,2021-2024
1572-5286,DISCRETE OPTIMIZATION,B1,2021-2024
1572-6657,JOURNAL OF ELECTROANALYTICAL CHEMISTRY,A1,2021-2024
1572-8080,DESIGN AUTOMATION FOR EMBEDDED SYSTEMS (DORDRECHT. ONLINE),B2,2021-2024
1572-8145,JOURNAL OF INTELLIGENT MANUFACTURING (DORDRECHT. ONLINE),A1,2021-2024
1572-817X,OPTICAL AND QUANTUM ELECTRONICS (DORDRECHT. ONLINE),A3,2021-2024
1572-8196,WIRELESS NETWORKS (ONLINE),A2,2021-2024
1572-834X,WIRELESS PERSONAL COMMUNICATIONS,A4,2021-2024
1572-8382,ARTIFICIAL INTELLIGENCE AND LAW (ONLINE),A1,2021-2024
1572-9001,STRUCTURAL CHEMISTRY (ONLINE),A4,2021-2024
1572-9192,JOURNAL OF ALGEBRAIC COMBINATORICS,A4,2021-2024
1572-9338,ANNALS OF OPERATIONS RESEARCH (DORDRECHT. ONLINE),A2,2021-2024
1572-9397,JOURNAL OF HEURISTICS (DORDRECHT. ONLINE),A2,2021-2024
1572-9451,TELECOMMUNICATION SYSTEMS,A4,2021-2024
1573-0409,JOURNAL OF INTELLIGENT & ROBOTIC SYSTEMS (DORDRECHT. ONLINE),A2,2021-2024
1573-0484,THE JOURNAL OF SUPERCOMPUTING (DORDRECHT. ONLINE),A2,2021-2024
1573-0565,MACHINE LEARNING (DORDRECHT. ONLINE),A1,2021-2024
1573-062X,URBAN WATER JOURNAL,A2,2021-2024
1573-0727,JOURNAL OF ELECTRONIC TESTING (DORDRECHT. ONLINE),B2,2021-2024
1573-1332,QUANTUM INFORMATION PROCESSING (DORDRECHT. ONLINE),A2,2021-2024
1573-1367,SOFTWARE QUALITY JOURNAL (ONLINE),A3,2021-2024
1573-1375,STATISTICS AND COMPUTING (ONLINE),A2,2021-2024
1573-1383,REAL-TIME SYSTEMS (ONLINE),A4,2021-2024
1573-1472,BOUNDARY-LAYER METEOROLOGY (DORDRECHT. ONLINE),A2,2021-2024
1573-1979,ANALOG INTEGRATED CIRCUITS AND SIGNAL PROCESSING (DORDRECHT. ONLINE),A4,2021-2024
1573-2878,JOURNAL OF OPTIMIZATION THEORY AND APPLICATIONS (DORDRECHT. ONLINE),A2,2021-2024
1573-2886,JOURNAL OF COMBINATORIAL OPTIMIZATION (DORDRECHT. ONLINE),A3,2021-2024
1573-2894,COMPUTATIONAL OPTIMIZATION AND APPLICATIONS (DORDRECHT. ONLINE),A2,2021-2024
1573-2959,ENVIRONMENTAL MONITORING AND ASSESSMENT (DORDRECHT. ONLINE),A2,2021-2024
1573-4064,MEDICINAL CHEMISTRY (HILVERSUM),B1,2021-2024
1573-4277,OPTICAL SWITCHING AND NETWORKING (PRINT),A3,2021-2024
1573-4935,BIOSCIENCE REPORTS,A2,2021-2024
1573-4951,JOURNAL OF COMPUTER-AIDED MOLECULAR DESIGN (DORDRECHT. ONLINE),A2,2021-2024
1573-689X,JOURNAL OF MEDICAL SYSTEMS,A1,2021-2024
1573-7462,ARTIFICIAL INTELLIGENCE REVIEW (DORDRECHT. ONLINE),A1,2021-2024
1573-7497,APPLIED INTELLIGENCE (DORDRECHT. ONLINE),A3,2021-2024
1573-756X,DATA MINING AND KNOWLEDGE DISCOVERY (DORDRECHT. ONLINE),A1,2021-2024
1573-7616,EMPIRICAL SOFTWARE ENGINEERING (DORDRECHT. ONLINE),A2,2021-2024
1573-7624,GEOINFORMATICA (DORDRECHT. ONLINE),A2,2021-2024
1573-7675,JOURNAL OF INTELLIGENT INFORMATION SYSTEMS (DORDRECHT. ONLINE),A2,2021-2024
1573-7683,JOURNAL OF MATHEMATICAL IMAGING AND VISION (DORDRECHT. ONLINE),A1,2021-2024
1573-7705,JOURNAL OF NETWORK AND SYSTEMS MANAGEMENT,A2,2021-2024
1573-7721,MULTIMEDIA TOOLS AND APPLICATIONS (DORDRECHT. ONLINE),A2,2021-2024
1573-773X,NEURAL PROCESSING LETTERS (ONLINE),A4,2021-2024
1574-0137,COMPUTER SCIENCE REVIEW,A1,2021-2024
1574-020X,LANGUAGE RESOURCES AND EVALUATION,A1,2021-2024
1574-1192,PERVASIVE AND MOBILE COMPUTING (PRINT),A2,2021-2024
1574-9541,ECOLOGICAL INFORMATICS (PRINT),A1,2021-2024
1579-1513,REEC. REVISTA ELECTRÓNICA DE ENSEÑANZA DE LAS CIENCIAS,A2,2021-2024
1582-7445,ADVANCES IN ELECTRICAL AND COMPUTER ENGINEERING (PRINT),B2,2021-2024
1582-9596,ENVIRONMENTAL ENGINEERING AND MANAGEMENT JOURNAL (PRINT),B2,2021-2024
1588-2861,SCIENTOMETRICS (ONLINE),A1,2021-2024
1588-2926,JOURNAL OF THERMAL ANALYSIS AND CALORIMETRY (ONLINE),A1,2021-2024
1598-8198,"COMPUTERS AND CONCRETE, AN INTERNATIONAL JOURNAL (PRINT)",A1,2021-2024
1601-0825,ORAL DISEASES,A1,2021-2024
1609-0985,JOURNAL OF MEDICAL AND BIOLOGICAL ENGINEERING,A4,2021-2024
1609-4069,INTERNATIONAL JOURNAL OF QUALITATIVE METHODS,A1,2021-2024
1610-2940,JOURNAL OF MOLECULAR MODELING (PRINT),A3,2021-2024
1612-1872,CHEMISTRY & BIODIVERSITY (PRINT),A4,2021-2024
1613-7159,PUBLIC TRANSPORT,A1,2021-2024
1614-2411,4OR - A QUARTERLY JOURNAL OF OPERATIONS RESEARCH,A3,2021-2024
1614-5046,INNOVATIONS IN SYSTEMS AND SOFTWARE ENGINEERING (PRINT),B1,2021-2024
1615-147X,STRUCTURAL AND MULTIDISCIPLINARY OPTIMIZATION (PRINT),A1,2021-2024
1615-5262,INTERNATIONAL JOURNAL OF INFORMATION SECURITY (PRINT),A2,2021-2024
1615-5270,INTERNATIONAL JOURNAL OF INFORMATION SECURITY,A2,2021-2024
1615-5289,UNIVERSAL ACCESS IN THE INFORMATION SOCIETY (PRINT),A3,2021-2024
1615-5297,UNIVERSAL ACCESS IN THE INFORMATION SOCIETY (INTERNET),A3,2021-2024
1616-8658,FUZZY INFORMATION AND ENGINEERING,A3,2021-2024
1617-4615,MOLECULAR GENETICS AND GENOMICS (PRINT),A4,2021-2024
1617-4909,PERSONAL AND UBIQUITOUS COMPUTING (PRINT),A1,2021-2024
1618-727X,JOURNAL OF DIGITAL IMAGING (INTERNET),A2,2021-2024
1618-8667,URBAN FORESTRY & URBAN GREENING (PRINT),A1,2021-2024
1619-1366,SOFTWARE AND SYSTEMS MODELING,A2,2021-2024
1619-1374,SOFTWARE & SYSTEMS MODELING (ONLINE),A2,2021-2024
1622-468X,REVUE D'HISTOIRE DES SCIENCES HUMAINES,B1,2021-2024
1646-107X,MOTRICIDADE (SANTA MARIA DA FEIRA),B1,2021-2024
1646-2335,INTERACCOES,A3,2021-2024
1646-9895,RISTI (PORTO),A3,2021-2024
1647-0818,LINGUAMÁTICA,A2,2021-2024
1648-5831,INFORMATICS IN EDUCATION,A1,2021-2024
1657-5830,CONJECTURAS,C,2021-2024
1660-4601,INTERNATIONAL JOURNAL OF ENVIRONMENTAL RESEARCH AND PUBLIC HEALTH,C,2021-2024
1660-5446,MEDITERRANEAN JOURNAL OF MATHEMATICS (PRINT),A2,2021-2024
1661-8300,LOGICA UNIVERSALIS (ONLINE),A2,2021-2024
1662-453X,FRONTIERS IN NEUROSCIENCE,A3,2021-2024
1662-5145,FRONTIERS IN INTEGRATIVE NEUROSCIENCE,B1,2021-2024
1662-5161,FRONTIERS IN HUMAN NEUROSCIENCE,B1,2021-2024
1662-5188,FRONTIERS IN COMPUTATIONAL NEUROSCIENCE,C,2021-2024
1662-5196,FRONTIERS IN NEUROINFORMATICS,B1,2021-2024
1662-5218,FRONTIERS IN NEUROROBOTICS,B1,2021-2024
1662-9507,DEFECT AND DIFFUSION FORUM,B2,2021-2024
1662-9752,MATERIALS SCIENCE FORUM (ONLINE),B2,2021-2024
1663-3563,FRONTIERS IN SYNAPTIC NEUROSCIENCE,A3,2021-2024
1664-042X,FRONTIERS IN PHYSIOLOGY,A3,2021-2024
1664-0640,FRONTIERS IN PSYCHIATRY,A4,2021-2024
1664-1078,FRONTIERS IN PSYCHOLOGY,A2,2021-2024
1664-2295,FRONTIERS IN NEUROLOGY,A4,2021-2024
1664-302X,FRONTIERS IN MICROBIOLOGY (ONLINE),A3,2021-2024
1664-3224,FRONTIERS IN IMMUNOLOGY (ONLINE),A2,2021-2024
1664-462X,FRONTIERS IN PLANT SCIENCE,A1,2021-2024
1664-8021,FRONTIERS IN GENETICS,A4,2021-2024
1665-2681,ANNALS OF HEPATOLOGY,A2,2021-2024
1665-2703,REVISTA ETNOBIOLOGÍA,B1,2021-2024
1665-6423,JOURNAL OF APPLIED RESEARCH AND TECHNOLOGY,B2,2021-2024
1666-5112,CUADERNOS DEL CIMBAGE,C,2021-2024
1668-0227,CUADERNOS DEL CENTRO DE ESTUDIOS DE DISEÑO Y COMUNICACIÓN,A1,2021-2024
1674-7283,SCIENCE CHINA MATHEMATICS (PRINT),A1,2021-2024
1676-1790,ENGENHARIA TÉRMICA,B3,2021-2024
1676-2592,EDUCAÇÃO TEMÁTICA DIGITAL,A1,2021-2024
1676-2789,LEARNING AND NONLINEAR MODELS,B1,2021-2024
1676-4285,ONLINE BRAZILIAN JOURNAL OF NURSING,B1,2021-2024
1676-5451,SEMINA. CIÊNCIAS EXATAS E TECNOLÓGICAS (IMPRESSO),B3,2021-2024
1677-1893,PARTICIPAÇÃO (UNB),B3,2021-2024
1677-5090,REVISTA CIÊNCIAS MÉDICAS E BIOLÓGICAS,B1,2021-2024
1677-9479,REVISTA GESTÃO & TECNOLOGIA,A4,2021-2024
1677-9762,REVISTA GESTÃO E CONHECIMENTO,C,2021-2024
1678-0817,REVISTA FISIO&TERAPIA,C,2021-2024
1678-1244,CADERNOS DA FUCAMP,A3,2021-2024
1678-2690,ANAIS DA ACADEMIA BRASILEIRA DE CIÊNCIAS (ONLINE),A3,2021-2024
1678-4227,ARQUIVOS DE NEURO-PSIQUIATRIA,B2,2021-2024
1678-4324,BRAZILIAN ARCHIVES OF BIOLOGY AND TECHNOLOGY (ONLINE),A3,2021-2024
1678-4464,CADERNOS DE SAÚDE PÚBLICA,A1,2021-2024
1678-4561,CIÊNCIA & SAÚDE COLETIVA,A1,2021-2024
1678-4588,DADOS - REVISTA DE CIÊNCIAS SOCIAIS,A1,2021-2024
1678-4596,CIENCIA RURAL,A2,2021-2024
1678-460X,DELTA. DOCUMENTAÇÃO DE ESTUDOS EM LINGUÍSTICA TEÓRICA E APLICADA,A1,2021-2024
1678-4626,EDUCAÇÃO & SOCIEDADE,A1,2021-2024
1678-4634,EDUCAÇÃO E PESQUISA,A1,2021-2024
1678-4685,GENETICS AND MOLECULAR BIOLOGY (ONLINE VERSION),A3,2021-2024
1678-4804,JOURNAL OF THE BRAZILIAN COMPUTER SOCIETY (ONLINE),A3,2021-2024
1678-5142,PESQUISA OPERACIONAL (ONLINE),B3,2021-2024
1678-5878,JOURNAL OF THE BRAZILIAN SOCIETY OF MECHANICAL SCIENCES AND ENGINEERING (IMPRESSO),A3,2021-2024
1678-6971,RAM. REVISTA DE ADMINISTRAÇÃO MACKENZIE (ONLINE),A2,2021-2024
1678-7099,RB. RADIOLOGIA BRASILEIRA,A3,2021-2024
1678-7110,CADERNOS CEDES (ONLINE),A1,2021-2024
1678-7153,PSICOLOGIA: REFLEXÃO E CRÍTICA,A1,2021-2024
1678-8052,NEOTROPICAL ENTOMOLOGY,A3,2021-2024
1678-8621,AMBIENTE CONSTRUÍDO (ONLINE),A3,2021-2024
1678-9849,SOCIEDADE BRASILEIRA DE MEDICINA TROPICAL. REVISTA,A4,2021-2024
1678-992X,SCIENTIA AGRICOLA,A1,2021-2024
1679-0375,SEMINA. CIÊNCIAS EXATAS E TECNOLÓGICAS (ONLINE),B3,2021-2024
1679-0731,REVISTA BRASILEIRA DE FINANÇAS,A4,2021-2024
1679-1827,GESTÃO.ORG,B1,2021-2024
1679-1916,RENOTE. REVISTA NOVAS TECNOLOGIAS NA EDUCAÇÃO,A4,2021-2024
1679-3951,CADERNOS EBAPE. BR,A2,2021-2024
1679-4508,EINSTEIN (SÃO PAULO),A4,2021-2024
1679-4974,EPIDEMIOLOGIA E SERVICOS DE SAUDE,A2,2021-2024
1680-5348,REVISTA PANAMERICANA DE SALUD PUBLICA (PRINT),A1,2021-2024
1681-4835,THE ELECTRONIC JOURNAL OF INFORMATION SYSTEMS IN DEVELOPING COUNTRIES,A3,2021-2024
1683-1470,DATA SCIENCE JOURNAL,A2,2021-2024
1687-1499,EURASIP JOURNAL ON WIRELESS COMMUNICATIONS AND NETWORKING,A3,2021-2024
1687-4714,"EURASIP JOURNAL ON AUDIO, SPEECH AND MUSIC PROCESSING (PRINT)",A3,2021-2024
1687-5249,JOURNAL OF CONTROL SCIENCE AND ENGINEERING (PRINT),A3,2021-2024
1687-5265,COMPUTATIONAL INTELLIGENCE AND NEUROSCIENCE,C,2021-2024
1687-5281,EURASIP JOURNAL ON IMAGE AND VIDEO PROCESSING,A2,2021-2024
1687-5605,MODELLING AND SIMULATION IN ENGINEERING (ONLINE),C,2021-2024
1687-5893,ADVANCES IN HUMAN-COMPUTER INTERACTION,C,2021-2024
1687-6180,EURASIP JOURNAL ON ADVANCES IN SIGNAL PROCESSING (ONLINE),A3,2021-2024
1687-7047,INTERNATIONAL JOURNAL OF COMPUTER GAMES TECHNOLOGY,C,2021-2024
1687-8736,INTERNATIONAL JOURNAL OF DENTISTRY (ONLINE),A4,2021-2024
1687-9430,INTERNATIONAL JOURNAL OF POLYMER SCIENCE,A3,2021-2024
1688-4221,CIENCIAS PSICOLÓGICAS,A1,2021-2024
1688-7638,REVISTA CONTEMPORANEA,A1,2021-2024
1690-4524,"JOURNAL OF SYSTEMICS, CYBERNETICS AND INFORMATICS",A4,2021-2024
1695-288X,REVISTA LATINOAMERICANA DE TECNOLOGÍA EDUCATIVA,A2,2021-2024
1695-5498,HIPERTEXT.NET (BARCELONA),A1,2021-2024
1695-7121,PASOS. REVISTA DE TURISMO Y PATRIMONIO CULTURAL,A3,2021-2024
1696-8352,OBSERVATORIO DE LA ECONOMÍA LATINOAMERICANA,C,2021-2024
1699-5198,NUTRICIÓN HOSPITALARIA,B1,2021-2024
1715-0868,CONTRIBUTIONS TO DISCRETE MATHEMATICS,B1,2021-2024
1720-8386,JOURNAL OF ENDOCRINOLOGICAL INVESTIGATION (ONLINE),A2,2021-2024
1729-8814,INTERNATIONAL JOURNAL OF ADVANCED ROBOTIC SYSTEMS,A3,2021-2024
1734-4492,INTERNATIONAL JOURNAL OF APPLIED MECHANICS AND ENGINEERING,B2,2021-2024
1735-1472,INT J ENVIRON SCI TE,A2,2021-2024
1740-0562,INTERNATIONAL JOURNAL OF HIGH PERFORMANCE COMPUTING AND NETWORKING (PRINT),B2,2021-2024
1740-7494,ELECTRONIC GOVERNMENT,A4,2021-2024
1740-8709,MATERNAL AND CHILD NUTRITION,A1,2021-2024
1740-8873,INTERNATIONAL JOURNAL OF INTELLIGENT SYSTEMS TECHNOLOGIES AND APPLICATIONS,B3,2021-2024
1741-0401,THE INTERNATIONAL JOURNAL OF PRODUCTIVITY AND PERFORMANCE MANAGEMENT,A1,2021-2024
1741-0444,MEDICAL & BIOLOGICAL ENGINEERING & COMPUTING (ONLINE),A3,2021-2024
1741-1009,INTERNATIONAL JOURNAL OF KNOWLEDGE AND LEARNING,B1,2021-2024
1741-1068,INTERNATIONAL JOURNAL OF EMBEDDED SYSTEMS,B2,2021-2024
1741-2560,JOURNAL OF NEURAL ENGINEERING (PRINT),A2,2021-2024
1741-3842,JOURNAL OF PUBLIC HEALTH (PRINT),A1,2021-2024
1741-5047,INTERNATIONAL JOURNAL OF COMPUTER APPLICATIONS IN TECHNOLOGY,A4,2021-2024
1741-8100,INTERNATIONAL JOURNAL OF INTERNET MARKETING AND ADVERTISING,A3,2021-2024
1741-8461,INTERNATIONAL JOURNAL OF ELECTRONIC HEALTHCARE,B3,2021-2024
1741-847X,INTERNATIONAL JOURNAL OF GRID AND UTILITY COMPUTING,B2,2021-2024
1741-8488,INTERNATIONAL JOURNAL OF GRID AND UTILITY COMPUTING (ONLINE),B2,2021-2024
1741-8763,INTERNATIONAL JOURNAL OF BUSINESS PROCESS INTEGRATION AND MANAGEMENT,B4,2021-2024
1741-9182,INTERNATIONAL JOURNAL OF AGILE SYSTEMS AND MANAGEMENT,A3,2021-2024
1742-5468,JOURNAL OF STATISTICAL MECHANICS,A2,2021-2024
1742-6588,JOURNAL OF PHYSICS. CONFERENCE SERIES (PRINT),B4,2021-2024
1742-7185,INTERNATIONAL JOURNAL OF COMPUTATIONAL SCIENCE AND ENGINEERING,A3,2021-2024
1742-7371,INTERNATIONAL JOURNAL OF PERVASIVE COMPUTING AND COMMUNICATIONS (PRINT),A2,2021-2024
1742-7592,INTERNATIONAL JOURNAL OF TROPICAL INSECT SCIENCE (ONLINE),A4,2021-2024
1742-7967,INTERNATIONAL JOURNAL OF LOGISTICS SYSTEMS AND MANAGEMENT,A3,2021-2024
1742-7975,INTERNATIONAL JOURNAL OF LOGISTICS SYSTEMS AND MANAGEMENT,A3,2021-2024
1743-6095,THE JOURNAL OF SEXUAL MEDICINE (PRINT),A2,2021-2024
1743-761X,INTERNATIONAL JOURNAL OF SUSTAINABLE DEVELOPMENT AND PLANNING (ONLINE),A4,2021-2024
1743-8187,INTERNATIONAL JOURNAL OF BUSINESS INTELLIGENCE AND DATA MINING,B2,2021-2024
1743-8225,INTERNATIONAL JOURNAL OF AD HOC AND UBIQUITOUS COMPUTING (IMPRESSO),B2,2021-2024
1743-8276,INTERNATIONAL JOURNAL OF KNOWLEDGE MANAGEMENT STUDIES (ONLINE),A4,2021-2024
1744-0084,INTERNATIONAL JOURNAL OF WEB INFORMATION SYSTEMS (PRINT),A4,2021-2024
1744-2621,"INTERNATIONAL JOURNAL OF METADATA, SEMANTICS AND ONTOLOGIES (PRINT)",A4,2021-2024
1744-263X,"INTERNATIONAL JOURNAL OF METADATA, SEMANTICS AND ONTOLOGIES",A4,2021-2024
1744-5485,INTERNATIONAL JOURNAL OF BIOINFORMATICS RESEARCH AND APPLICATIONS (PRINT),B3,2021-2024
1745-3054,JOURNAL OF VISUAL COMMUNICATION IN MEDICINE (PRINT),A1,2021-2024
1745-3933,ROYAL ASTRONOMICAL SOCIETY. MONTHLY NOTICES. LETTERS (ONLINE),A2,2021-2024
1745-6215,TRIALS (LONDON),A4,2021-2024
1746-0441,EXPERT OPINION ON DRUG DISCOVERY (PRINT),A1,2021-2024
1746-0913,FUTURE MICROBIOLOGY (PRINT),A4,2021-2024
1746-0972,INTERNATIONAL JOURNAL OF BUSINESS INFORMATION SYSTEMS (PRINT),B2,2021-2024
1746-0980,INTERNATIONAL JOURNAL OF BUSINESS INFORMATION SYSTEMS (ONLINE),B2,2021-2024
1746-1391,EUROPEAN JOURNAL OF SPORT SCIENCE (PRINT),A1,2021-2024
1746-4811,PLANT METHODS,A1,2021-2024
1746-8094,BIOMEDICAL SIGNAL PROCESSING AND CONTROL (PRINT),A1,2021-2024
1747-0285,CHEMICAL BIOLOGY & DRUG DESIGN,A3,2021-2024
1747-4930,INTERNATIONAL JOURNAL OF STROKE (IMPRESSO),A1,2021-2024
1747-7778,JOURNAL OF SIMULATION (PRINT),A2,2021-2024
1747-8405,INTERNATIONAL JOURNAL OF SECURITY AND NETWORKS (PRINT),B2,2021-2024
1748-0930,"INTERNATIONAL JOURNAL OF MINING, RECLAMATION AND ENVIRONMENT (PRINT)",A2,2021-2024
1748-1279,INTERNATIONAL JOURNAL OF SENSOR NETWORKS,B1,2021-2024
1748-1716,ACTA PHYSIOLOGICA (ONLINE),A1,2021-2024
1748-3115,DISABILITY AND REHABILITATION: ASSISTIVE TECHNOLOGY,A1,2021-2024
1748-5037,INTERNATIONAL JOURNAL OF INDUSTRIAL AND SYSTEMS ENGINEERING,A3,2021-2024
1748-5045,INTERNATIONAL JOURNAL OF INDUSTRIAL AND SYSTEMS ENGINEERING,A3,2021-2024
1748-670X,COMPUTATIONAL AND MATHEMATICAL METHODS IN MEDICINE (PRINT),C,2021-2024
1748-6718,COMPUTATIONAL AND MATHEMATICAL METHODS IN MEDICINE (ONLINE),C,2021-2024
1748-7188,ALGORITHMS FOR MOLECULAR BIOLOGY,A4,2021-2024
1749-7221,JOURNAL OF BRACHIAL PLEXUS AND PERIPHERAL NERVE INJURY,B2,2021-2024
1750-5836,INTERNATIONAL JOURNAL OF GREENHOUSE GAS CONTROL,A2,2021-2024
1751-0252,INTERNATIONAL JOURNAL OF BUSINESS INNOVATION AND RESEARCH,A2,2021-2024
1751-1577,JOURNAL OF INFORMETRICS,A2,2021-2024
1751-1879,LEADERSHIP IN HEALTH SERVICES,A2,2021-2024
1751-648X,INTERNATIONAL JOURNAL OF INNOVATIVE COMPUTING AND APPLICATIONS,B3,2021-2024
1751-6498,INTERNATIONAL JOURNAL OF INNOVATIVE COMPUTING AND APPLICATIONS (ONLINE),B3,2021-2024
1751-8113,"JOURNAL OF PHYSICS. A, MATHEMATICAL AND THEORETICAL (PRINT)",A2,2021-2024
1751-8601,IET COMPUTERS & DIGITAL TECHNIQUES (PRINT),A4,2021-2024
1751-8652,IET CONTROL THEORY & APPLICATIONS (ONLINE),A2,2021-2024
1751-8687,"IET GENERATION, TRANSMISSION & DISTRIBUTION (PRINT)",A3,2021-2024
1751-8695,"IET GENERATION, TRANSMISSION & DISTRIBUTION (ONLINE)",A3,2021-2024
1751-8806,IET SOFTWARE (PRINT),A3,2021-2024
1751-956X,IET INTELLIGENT TRANSPORT SYSTEMS (PRINT),A1,2021-2024
1751-9659,IET IMAGE PROCESSING (PRINT),A3,2021-2024
1752-6418,INTERNATIONAL JOURNAL OF BIOMEDICAL ENGINEERING AND TECHNOLOGY,B3,2021-2024
1753-8378,INTERNATIONAL JOURNAL OF MANAGING PROJECTS IN BUSINESS,A2,2021-2024
1753-8432,INTERNATIONAL JOURNAL OF PROCUREMENT MANAGEMENT,A3,2021-2024
1754-2189,NATURE PROTOCOLS (PRINT),A1,2021-2024
1754-3266,"INTERNATIONAL JOURNAL OF FASHION DESIGN, TECHNOLOGY AND EDUCATION",A1,2021-2024
1754-3916,INTERNATIONAL JOURNAL OF COMMUNICATION NETWORKS AND DISTRIBUTED SYSTEMS (PRINT),B1,2021-2024
1754-890X,INTERNATIONAL JOURNAL OF MINING AND MINERAL ENGINEERING (PRINT),B1,2021-2024
1755-0203,THE REVIEW OF SYMBOLIC LOGIC,A1,2021-2024
1755-098X,MOLECULAR ECOLOGY RESOURCES (PRINT),A1,2021-2024
1755-4365,EPIDEMICS,A3,2021-2024
1755-4535,IET POWER ELECTRONICS (PRINT),A3,2021-2024
1755-5817,JOURNAL OF MANUFACTURING SCIENCE AND TECHNOLOGY,A2,2021-2024
1755-8301,INTERNATIONAL JOURNAL OF BIOMETRICS (PRINT),B2,2021-2024
1755-8913,INTERNATIONAL JOURNAL OF APPLIED MANAGEMENT SCIENCE (PRINT),B2,2021-2024
1756-0500,BMC RESEARCH NOTES,A2,2021-2024
1756-3305,PARASITES & VECTORS,A1,2021-2024
1756-7025,INTERNATIONAL JOURNAL OF INFORMATION AND DECISION SCIENCES,B2,2021-2024
1757-2223,INTERNATIONAL JOURNAL OF INNOVATION SCIENCE,A2,2021-2024
1757-5850,INTERNATIONAL JOURNAL OF MATHEMATICS IN OPERATIONAL RESEARCH,A3,2021-2024
1757-8779,INTERNATIONAL JOURNAL OF CRITICAL COMPUTER-BASED SYSTEMS (IJCCBS),B4,2021-2024
1757-9708,INTEGRATIVE BIOLOGY,A4,2021-2024
1758-5996,DIABETOLOGY & METABOLIC SYNDROME,A2,2021-2024
1758-6798,NATURE CLIMATE CHANGE,A1,2021-2024
1760-6101,MATHEMATICAL MODELLING OF NATURAL PHENOMENA,A3,2021-2024
1768-6733,QUANTITATIVE INFRARED THERMOGRAPHY JOURNAL,A2,2021-2024
1769-7298,M@PPEMONDE (ON LINE),B2,2021-2024
1782-348X,CONSTRUCTIVIST FOUNDATIONS,A4,2021-2024
1785-8860,ACTA POLYTECHNICA HUNGARICA,A4,2021-2024
1791-2377,JOURNAL OF ENGINEERING SCIENCE AND TECHNOLOGY REVIEW,B3,2021-2024
1793-351X,INTERNATIONAL JOURNAL OF SEMANTIC COMPUTING,A2,2021-2024
1793-6950,INTERNATIONAL JOURNAL OF INNOVATION AND TECHNOLOGY MANAGEMENT,A2,2021-2024
1793-9623,"INTERNATIONAL JOURNAL OF MODELING, SIMULATION, AND SCIENTIFIC COMPUTING",B2,2021-2024
1794-3108,REVISTA CRIMINALIDAD,B1,2021-2024
1804-1388,COMMUNICATIONS IN MATHEMATICS.,B1,2021-2024
1806-1362,REVISTA BRASILEIRA DE APRENDIZAGEM ABERTA E A DISTÂNCIA,A2,2021-2024
1806-2563,ACTA SCIENTIARUM. TECHNOLOGY (IMPRESSO),A4,2021-2024
1806-3365,SAÚDE COLETIVA,B1,2021-2024
1806-3756,JORNAL BRASILEIRO DE PNEUMOLOGIA (ONLINE),A2,2021-2024
1806-4892,REVISTA BRASILEIRA DE GESTÃO DE NEGÓCIOS (SÃO PAULO),A2,2021-2024
1806-6356,REVISTA FSA: PERIÓDICO CIENTÍFICO DA FACULDADE SANTO AGOSTINHO (PRINT),B2,2021-2024
1806-6690,REVISTA CIÊNCIA AGRONÔMICA (UFC. ONLINE),A3,2021-2024
1806-8944,CADERNOS DE FINANÇAS PÚBLICAS,B2,2021-2024
1806-9126,REVISTA BRASILEIRA DE ENSINO DE FÍSICA (ONLINE),A1,2021-2024
1806-9282,REVISTA DA ASSOCIAÇÃO MÉDICA BRASILEIRA,A3,2021-2024
1806-9304,REVISTA BRASILEIRA DE SAÚDE MATERNO INFANTIL,A4,2021-2024
1806-9592,ESTUDOS AVANÇADOS (USP),A1,2021-2024
1806-9649,GESTÃO & PRODUÇÃO,B1,2021-2024
1807-1600,HOLOS (NATAL. ONLINE),A1,2021-2024
1807-1627,REVISTA JURÍDICA DA UNIFIL,A4,2021-2024
1807-1775,JISTEM-JOURNAL OF INFORMATION SYSTEMS AND TECHNOLOGY MANAGEMENT,B1,2021-2024
1807-1953,JICS. JOURNAL OF INTEGRATED CIRCUITS AND SYSTEMS (IMPRESSO),B1,2021-2024
1807-3980,INTERFACE TECNOLÓGICA (SÃO PAULO),B2,2021-2024
1807-4545,INFOCOMP,B3,2021-2024
1807-5908,SUSTAINABLE BUSINESS INTERNATIONAL JOURNAL,B4,2021-2024
1807-5932,"CLINICS (USP, IMPRESSO)",A2,2021-2024
1807-7692,BAR. BRAZILIAN ADMINISTRATION REVIEW,A2,2021-2024
1807-8095,MUNDOPM (CURITIBA),B4,2021-2024
1807-8648,ACTA SCIENTIARUM. HEALTH SCIENCES (ONLINE),B2,2021-2024
1807-8664,ACTA SCIENTIARUM. TECHNOLOGY (ONLINE),A4,2021-2024
1807-8893,EM QUESTÃO (UFRGS. IMPRESSO),A1,2021-2024
1807-8931,TEMÁTICA,B1,2021-2024
1807-975X,REVISTA HOSPITALIDADE,B1,2021-2024
1808-057X,REVISTA CONTABILIDADE & FINANÇAS (ONLINE),A2,2021-2024
1808-0936,RBC. REVISTA BRASILEIRA DE CARTOGRAFIA (ONLINE),B2,2021-2024
1808-2599,E-COMPÓS (BRASÍLIA),A1,2021-2024
1808-3536,LIINC EM REVISTA,A1,2021-2024
1808-5245,EM QUESTÃO,A1,2021-2024
1808-5377,INFODESIGN (SBDI. ONLINE),A2,2021-2024
1808-5687,REVISTA BRASILEIRA DE TERAPIAS COGNITIVAS (IMPRESSO),A4,2021-2024
1809-1636,VIVÊNCIAS (URI. ERECHIM),A3,2021-2024
1809-2276,REGE-REVISTA DE GESTÃO,A2,2021-2024
1809-3760,EDUCAÇÃO ON-LINE (PUCRJ),A4,2021-2024
1809-3876,REVISTA E-CURRICULUM (PUCSP),A1,2021-2024
1809-4406,ACTA ORTOPÉDICA BRASILEIRA,B2,2021-2024
1809-452X,REVISTA BRASILEIRA DE PSIQUIATRIA,A2,2021-2024
1809-5747,REVISTA CONTEMPORÂNEA DE EDUCAÇÃO,A4,2021-2024
1809-5771,REVISTA INTERAGIR,B3,2021-2024
1809-7286,INTERSABERES (FACINTER),A3,2021-2024
1809-8207,COLLOQUIUM HUMANARUM,A3,2021-2024
1810-2328,JOURNAL OF ENGINEERING THERMOPHYSICS,B1,2021-2024
1810-634X,REVISTA DE LA SOCIEDAD QUÍMICA DEL PERÚ,C,2021-2024
1815-5901,INGENIERÍA ENERGÉTICA,B2,2021-2024
1816-6075,JOURNAL OF SYSTEM AND MANAGEMENT SCIENCES,B1,2021-2024
1819-155X,INTERNATIONAL JOURNAL OF BIOLOGICAL CHEMISTRY,B3,2021-2024
1820-0214,COMPUTER SCIENCE AND INFORMATION SYSTEMS,B1,2021-2024
1824-2049,JOURNAL OF SCIENCE COMMUNICATION,A1,2021-2024
1826-9745,INTERACTION DESIGN AND ARCHITECTURE(S) JOURNAL,C,2021-2024
1827-1987,GEOSPATIAL HEALTH (TESTO STAMPATO),B1,2021-2024
1828-0447,INTERN EMERG MED,A1,2021-2024
1828-1427,VETERINARIA ITALIANA (ONLINE),A4,2021-2024
1836-9553,JOURNAL OF PHYSIOTHERAPY,A1,2021-2024
1845-6421,JOURNAL OF COMMUNICATIONS SOFTWARE AND SYSTEMS,B2,2021-2024
1847-7003,INTERNATIONAL JOURNAL OF ELECTRICAL AND COMPUTER ENGINEERING SYSTEMS,B3,2021-2024
1850-6666,REVISTA ELECTRÓNICA DE INVESTIGACIÓN EN EDUCACIÓN EN CIENCIAS (EN LÍNEA),A2,2021-2024
1850-9959,REVISTA IBEROAMERICANA DE TECNOLOGIA EN EDUCACIÓN Y EDUCACIÓN EN TECNOLOGÍA (EN LÍNEA),A1,2021-2024
1852-0006,PROYECCIÓN (MENDOZA. EN LÍNEA),B2,2021-2024
1852-4206,REVISTA ARGENTINA DE CIENCIAS DEL COMPORTAMIENTO,A4,2021-2024
1852-7175,REVISTA TRANSPORTE Y TERRITORIO,A4,2021-2024
1855-3966,ARS MATHEMATICA CONTEMPORANEA (PRINT),A3,2021-2024
1860-5974,LOGICAL METHODS IN COMPUTER SCIENCE,A4,2021-2024
1860-7187,CHEMMEDCHEM (INTERNET),A1,2021-2024
1861-1303,INTERNATIONAL JOURNAL OF ACTION RESEARCH,B1,2021-2024
1861-2032,JOURNAL ON DATA SEMANTICS,B2,2021-2024
1861-8200,JOURNAL OF REAL-TIME IMAGE PROCESSING (PRINT),A3,2021-2024
1861-8219,JOURNAL OF REAL-TIME IMAGE PROCESSING,A3,2021-2024
1861-9916,INTERNATIONAL JOURNAL OF ACTION RESEARCH,B1,2021-2024
1862-4472,OPTIMIZATION LETTERS (PRINT),A3,2021-2024
1862-5347,ADVANCES IN DATA ANALYSIS AND CLASSIFICATION,A2,2021-2024
1863-0383,INTERNATIONAL JOURNAL: EMERGING TECHNOLOGIES IN LEARNING,A2,2021-2024
1863-1703,"SIGNAL, IMAGE AND VIDEO PROCESSING (PRINT)",A4,2021-2024
1863-1711,"SIGNAL, IMAGE AND VIDEO PROCESSING",A4,2021-2024
1863-2386,SERVICE ORIENTED COMPUTING AND APPLICATIONS,B1,2021-2024
1864-5909,EVOLUTIONARY INTELLIGENCE,A1,2021-2024
1865-0473,EARTH SCIENCE INFORMATICS (PRINT),A3,2021-2024
1865-0929,COMMUNICATIONS IN COMPUTER AND INFORMATION SCIENCE,B1,2021-2024
1865-7923,INTERNATIONAL JOURNAL OF INTERACTIVE MOBILE TECHNOLOGIES,A3,2021-2024
1865-9284,MEMETIC COMPUTING,A1,2021-2024
1866-1505,OPERATIONAL RESEARCH,A1,2021-2024
1866-6280,ENVIRONMENTAL EARTH SCIENCES (PRINT),A2,2021-2024
1866-7511,ARABIAN JOURNAL OF GEOSCIENCES (PRINT),A1,2021-2024
1867-2949,MATHEMATICAL PROGRAMMING COMPUTATION,A1,2021-2024
1867-4828,JOURNAL OF INTERNET SERVICES AND APPLICATIONS,A3,2021-2024
1867-8548,ATMOSPHERIC MEASUREMENT TECHNIQUES,A2,2021-2024
1868-3967,ENERGY SYSTEMS,A3,2021-2024
1868-5137,JOURNAL OF AMBIENT INTELLIGENCE AND HUMANIZED COMPUTING,A2,2021-2024
1868-6478,EVOLVING SYSTEMS,A2,2021-2024
1868-7083,CLINICAL EPIGENETICS,A2,2021-2024
1868-8071,INTERNATIONAL JOURNAL OF MACHINE LEARNING AND CYBERNETICS,A2,2021-2024
1869-0238,JOURNAL OF INTERNET SERVICES AND APPLICATIONS,A3,2021-2024
1869-5450,SOCIAL NETWORK ANALYSIS AND MINING,A1,2021-2024
1869-5469,SOCIAL NETWORK ANALYSIS AND MINING,A1,2021-2024
1869-7577,SATS: NORTHERN EUROPEAN JOURNAL OF PHILOSOPHY (ONLINE),A3,2021-2024
1871-4080,COGNITIVE NEURODYNAMICS,A2,2021-2024
1872-0234,JOURNAL OF INTEGRATED CIRCUITS AND SYSTEMS,B1,2021-2024
1872-2040,CHINESE JOURNAL OF ANALYTICAL CHEMISTRY (ONLINE),B1,2021-2024
1872-4973,FORENSIC SCIENCE INTERNATIONAL. GENETICS (PRINT),A1,2021-2024
1872-7565,COMPUTER METHODS AND PROGRAMS IN BIOMEDICINE,A1,2021-2024
1873-2887,"CHAOS, SOLITONS & FRACTALS (ONLINE)",A1,2021-2024
1873-7951,INTERACTING WITH COMPUTERS (ONLINE),A3,2021-2024
1874-1746,THEORETICAL ECOLOGY,A4,2021-2024
1874-3919,JOURNAL OF PROTEOMICS (PRINT),A2,2021-2024
1874-4907,PHYSICAL COMMUNICATION (PRINT),A3,2021-2024
1874-8988,CHILD INDICATORS RESEARCH (ONLINE),A2,2021-2024
1875-4791,INTERNATIONAL JOURNAL OF SOCIAL ROBOTICS,A2,2021-2024
1875-8533,APPLIED ONTOLOGY (ONLINE),A1,2021-2024
1875-9521,ENTERTAINMENT COMPUTING,A3,2021-2024
1876-1364,JOURNAL OF AMBIENT INTELLIGENCE AND SMART ENVIRONMENTS,A4,2021-2024
1876-1623,ADVANCES IN PROTEIN CHEMISTRY AND STRUCTURAL BIOLOGY,A3,2021-2024
1877-0533,SET-VALUED AND VARIATIONAL ANALYSIS: THEORY AND APPLICATIONS,A2,2021-2024
1877-3435,CURRENT OPINION IN ENVIRONMENTAL SUSTAINABILITY (PRINT),A1,2021-2024
1877-5845,SPATIAL AND SPATIO-TEMPORAL EPIDEMIOLOGY,A4,2021-2024
1877-7171,JOURNAL OF PARKINSON'S DISEASE,A2,2021-2024
1877-7503,JOURNAL OF COMPUTATIONAL SCIENCE,A2,2021-2024
1877-959X,TICKS AND TICK-BORNE DISEASES,A1,2021-2024
1878-8750,WORLD NEUROSURGERY,A2,2021-2024
1879-2871,MUTATION RESEARCH. FUNDAMENTAL AND MOLECULAR MECHANISMS OF MUTAGENESIS (ONLINE),A4,2021-2024
1911-8066,JOURNAL OF RISK AND FINANCIAL MANAGEMENT (VERSÃO IMPRESSA),C,2021-2024
1911-8074,JOURNAL OF RISK AND FINANCIAL MANAGEMENT (VERSÃO DIGITAL),C,2021-2024
1916-9760,JOURNAL OF AGRICULTURAL SCIENCE,A3,2021-2024
1927-6974,ARTIFICIAL INTELLIGENCE RESEARCH,C,2021-2024
1929-0748,JMIR RESEARCH PROTOCOLS,A3,2021-2024
1929-7750,JOURNAL OF LEARNING ANALYTICS (ONLINE),A1,2021-2024
1930-0212,SPE RESERVOIR EVALUATION & ENGINEERING (ONLINE),A2,2021-2024
1930-1650,INTERNATIONAL JOURNAL OF INFORMATION SECURITY AND PRIVACY,B2,2021-2024
1931-3195,JOURNAL OF APPLIED REMOTE SENSING,A3,2021-2024
1931-7603,HERPETOLOGICAL CONSERVATION AND BIOLOGY,B2,2021-2024
1931-9401,APPLIED PHYSICS REVIEWS (APR),A1,2021-2024
1932-2968,JOURNAL OF DIABETES SCIENCE AND TECHNOLOGY,A2,2021-2024
1932-4537,IEEE TRANSACTIONS ON NETWORK AND SERVICE MANAGEMENT,A2,2021-2024
1932-4545,IEEE TRANSACTIONS ON BIOMEDICAL CIRCUITS AND SYSTEMS,A1,2021-2024
1932-6157,THE ANNALS OF APPLIED STATISTICS,A1,2021-2024
1932-6203,PLOS ONE,A1,2021-2024
1932-8540,IEEE-RITA,A2,2021-2024
1934-8835,INTERNATIONAL JOURNAL OF ORGANIZATIONAL ANALYSIS (2005),A1,2021-2024
1935-2735,PLOS NEGLECTED TROPICAL DISEASES (ONLINE),A2,2021-2024
1935-3812,SWARM INTELLIGENCE,A4,2021-2024
1935-5688,INTERNATIONAL JOURNAL OF INFORMATION SYSTEMS IN THE SERVICE SECTOR,B1,2021-2024
1935-9748,CURRENT REVIEWS IN MUSCULOSKELETAL MEDICINE,A1,2021-2024
1936-1610,JOURNAL OF APPLIED SECURITY RESEARCH,A2,2021-2024
1936-1955,ACM JOURNAL OF DATA AND INFORMATION QUALITY,A4,2021-2024
1936-6442,PEER-TO-PEER NETWORKING AND APPLICATIONS (PRINT),A2,2021-2024
1936-7228,ACM TRANSACTIONS ON ACCESSIBLE COMPUTING (TACCESS),A3,2021-2024
1936-7406,ACM TRANSACTIONS ON RECONFIGURABLE TECHNOLOGY AND SYSTEMS,A3,2021-2024
1936-9751,FOOD ANALYTICAL METHODS (PRINT),A2,2021-2024
1937-4151,IEEE TRANSACTIONS ON COMPUTER-AIDED DESIGN OF INTEGRATED CIRCUITS AND SYSTEMS,A2,2021-2024
1937-8831,REVISTA LATINOAMERICANA Y DEL CARIBE DE LA ASOCIACIÓN DE SISTEMAS DE INFORMACIÓN,B4,2021-2024
1937-9234,IEEE SYSTEMS JOURNAL,A1,2021-2024
1938-3673,JOURNAL OF LEUKOCYTE BIOLOGY (ONLINE),A2,2021-2024
1939-0068,WILEY INTERDISCIPLINARY REVIEWS. COMPUTATIONAL STATISTICS (ONLINE),A1,2021-2024
1939-1374,IEEE TRANSACTIONS ON SERVICES COMPUTING,A1,2021-2024
1939-1382,IEEE TRANSACTIONS ON LEARNING TECHNOLOGIES,A1,2021-2024
1939-1390,IEEE INTELLIGENT TRANSPORTATION SYSTEMS MAGAZINE,A2,2021-2024
1939-1404,IEEE JOURNAL OF SELECTED TOPICS IN APPLIED EARTH OBSERVATIONS AND REMOTE SENSING,A1,2021-2024
1939-3806,AUTISM RESEARCH,A1,2021-2024
1939-8018,"JOURNAL OF SIGNAL PROCESSING SYSTEMS FOR SIGNAL, IMAGE, AND VIDEO TECHNOLOGY",A3,2021-2024
1939-9170,ECOLOGY,A1,2021-2024
1940-087X,JOURNAL OF VISUALIZED EXPERIMENTS,B1,2021-2024
1941-6296,INTERNATIONAL JOURNAL OF DECISION SUPPORT SYSTEM TECHNOLOGY,B1,2021-2024
1941-8477,JOURNAL OF VIRTUAL WORLDS RESEARCH,B3,2021-2024
1942-0684,JOURNAL OF SOCIAL ENTREPRENEURSHIP,A1,2021-2024
1942-261X,INTERNATIONAL JOURNAL ON ADVANCES IN SYSTEMS AND MEASUREMENTS,C,2021-2024
1942-2628,INTERNATIONAL JOURNAL ON ADVANCES IN SOFTW,C,2021-2024
1942-2679,INTERNATIONAL JOURNAL ON ADVANCES IN INTELLIGENT SYSTEMS.,B4,2021-2024
1942-390X,INTERNATIONAL JOURNAL OF MOBILE HUMAN COMPUTER INTERACTION,B1,2021-2024
1942-4787,WILEY INTERDISCIPLINARY REVIEWS: DATA MINING AND KNOWLEDGE DISCOVERY,A1,2021-2024
1942-4795,WIRES DATA MINING AND KNOWLEDGE DISCOVERY,A1,2021-2024
1943-0620,JOURNAL OF OPTICAL COMMUNICATIONS AND NETWORKING (PRINT),A2,2021-2024
1943-0655,IEEE PHOTONICS JOURNAL,A3,2021-2024
1943-0663,IEEE EMBEDDED SYSTEMS LETTERS (IMPRESSO),A4,2021-2024
1944-1134,THE INTERNET PROTOCOL JOURNAL,B3,2021-2024
1944-3900,AIS TRANSACTIONS ON HUMAN-COMPUTER INTERACTION (ONLINE),B1,2021-2024
1944-3994,DESALINATION AND WATER TREATMENT (PRINT),B1,2021-2024
1944-8007,GEOPHYSICAL RESEARCH LETTERS,A1,2021-2024
1944-8244,ACS APPLIED MATERIALS & INTERFACES (PRINT),A1,2021-2024
1945-3116,JOURNAL OF SOFTWARE ENGINEERING AND APPLICATIONS (PRINT),B3,2021-2024
1945-7553,JOURNAL OF TESTING AND EVALUATION,B1,2021-2024
1946-2166,ARGUMENT & COMPUTATION,A1,2021-2024
1946-6226,ACM TRANSACTIONS ON COMPUTING EDUCATION,A1,2021-2024
1948-5182,WORLD JOURNAL OF HEPATOLOGY,A4,2021-2024
1949-3029,IEEE TRANSACTIONS ON SUSTAINABLE ENERGY,A1,2021-2024
1949-3045,IEEE TRANSACTIONS ON AFFECTIVE COMPUTING,A1,2021-2024
1949-3053,IEEE TRANSACTIONS ON SMART GRID,A1,2021-2024
1949-8349,JOURNAL OF GRADUATE MEDICAL EDUCATION,A3,2021-2024
1951-6355,EUR. PHYS. J. SPECIAL TOPICS,A3,2021-2024
1951-6401,THE EUROPEAN PHYSICAL JOURNAL. SPECIAL TOPICS (ONLINE),A3,2021-2024
1958-9212,CONFINS (PARIS),A1,2021-2024
1958-9395,ANNALS OF TELECOMMUNICATIONS,A3,2021-2024
1972-2680,JOURNAL OF INFECTION IN DEVELOPING COUNTRIES,A4,2021-2024
1980-0258,ANAIS DA ACADEMIA PERNAMBUCANA DE CIÊNCIA AGRONÔMICA,B4,2021-2024
1980-0827,FÓRUM AMBIENTAL DA ALTA PAULISTA,B2,2021-2024
1980-220X,REVISTA DA ESCOLA DE ENFERMAGEM DA USP (ONLINE),A3,2021-2024
1980-2552,DIADORIM (RIO DE JANEIRO),A2,2021-2024
1980-265X,TEXTO & CONTEXTO ENFERMAGEM,A2,2021-2024
1980-4415,BOLEMA : BOLETIM DE EDUCAÇÃO MATEMÁTICA (ONLINE),A1,2021-2024
1980-4490,REVISTA TAMOIOS (ONLINE),A1,2021-2024
1980-5160,SISTEMAS & GESTÃO,B3,2021-2024
1980-5373,MATERIALS RESEARCH,A3,2021-2024
1980-5411,PRODUCTION,A4,2021-2024
1980-5470,REVISTA BRASILEIRA DE EDUCAÇÃO ESPECIAL,A1,2021-2024
1980-5497,REVISTA BRASILEIRA DE EPIDEMIOLOGIA,A2,2021-2024
1980-556X,MEDIAÇÃO (UEG. PIRES DO RIO),B2,2021-2024
1980-5764,DEMENTIA & NEUROPSYCHOLOGIA,B2,2021-2024
1980-5799,DOMÍNIOS DE LINGU@GEM,A2,2021-2024
1980-6108,SCIENTIA MEDICA (PORTO ALEGRE. ONLINE),B2,2021-2024
1980-6477,REVISTA BRASILEIRA DE MILHO E SORGO (ONLINE),B1,2021-2024
1980-6574,MOTRIZ : REVISTA DE EDUCAÇÃO FÍSICA (ONLINE),B1,2021-2024
1980-6604,JOURNAL OF COMMUNICATION AND INFORMATION SYSTEMS (ONLINE),A4,2021-2024
1980-6949,RBBD. REVISTA BRASILEIRA DE BIBLIOTECONOMIA E DOCUMENTAÇÃO (ONLINE),A2,2021-2024
1980-7031,RIC@. REVISTA INTERDISCIPLINAR CIENTÍFICA APLICADA,B2,2021-2024
1980-850X,CIÊNCIA & EDUCAÇÃO,A1,2021-2024
1980-8666,PLEIADE (UNIAMÉRICA),B3,2021-2024
1980-959X,ARQUIVOS DO MUDI,B1,2021-2024
1981-0431,LINHAS CRÍTICAS (ONLINE),A1,2021-2024
1981-1268,GAIA SCIENTIA (UFPB),B3,2021-2024
1981-1543,GESTÃO & TECNOLOGIA DE PROJETOS,A2,2021-2024
1981-1640,BRAZILIAN JOURNAL OF INFORMATION SCIENCE,A1,2021-2024
1981-1659,REVISTA BRASILEIRA DE SEGURANÇA PÚBLICA,A4,2021-2024
1981-1829,CIÊNCIA E AGROTECNOLOGIA (ONLINE),A2,2021-2024
1981-223X,FOCO (FACULDADE NOVO MILÊNIO),C,2021-2024
1981-3163,BIOSCIENCE JOURNAL (ONLINE),B2,2021-2024
1981-3708,ROBRAC (ONLINE) (GOIÂNIA),B3,2021-2024
1981-416X,REVISTA DIÁLOGO EDUCACIONAL,A1,2021-2024
1981-5271,REVISTA BRASILEIRA DE EDUCAÇÃO MÉDICA (ONLINE),A1,2021-2024
1981-5344,PERSPECTIVAS EM CIÊNCIA DA INFORMAÇÃO,A1,2021-2024
1981-5794,ALFA: REVISTA DE LINGUÍSTICA (SÃO JOSÉ DO RIO PRETO),A1,2021-2024
1981-6278,RECIIS-REVISTA ELETRÔNICA DE COM. INFORMAÇÃO & INOVAÇÃO EM SAÚDE,A1,2021-2024
1981-674X,REVISTA DA CGU,A4,2021-2024
1981-6979,EDUCAÇÃO MATEMÁTICA EM FOCO (UFPB),B1,2021-2024
1981-8920,INFORMAÇÃO & INFORMAÇÃO,A2,2021-2024
1981-982X,REVISTA DE GESTÃO SOCIAL E AMBIENTAL (RGSA),C,2021-2024
1982-0194,ACTA PAUL DE ENFERM,A2,2021-2024
1982-0216,REVISTA CEFAC (ONLINE),B1,2021-2024
1982-0305,REVISTA TEIAS (UERJ. ONLINE),A1,2021-2024
1982-0577,RIOS ELETRÔNICA (FASETE),A2,2021-2024
1982-1123,EDUCERE: REVISTA DA EDUCAÇÃO DA UNIPAR (ONLINE),A3,2021-2024
1982-1654,INFORMÁTICA NA EDUCAÇÃO,A4,2021-2024
1982-1662,INTER-LEGERE (UFRN),A4,2021-2024
1982-1816,CADERNOS UNIFOA (ONLINE),B3,2021-2024
1982-1956,ATELIÊ GEOGRÁFICO (UFG),A2,2021-2024
1982-2014,SIGNO (UNISC. ONLINE),A1,2021-2024
1982-2413,EXPERIÊNCIAS EM ENSINO DE CIÊNCIAS (UFRGS),A3,2021-2024
1982-2596,REVISTA PENSAMENTO CONTEMPORÂNEO EM ADMINISTRAÇÃO,A3,2021-2024
1982-3029,REVISTA EXPECTATIVA,B2,2021-2024
1982-3134,REVISTA DE ADMINISTRAÇÃO PÚBLICA,A2,2021-2024
1982-3649,E-LEX REVISTA,C,2021-2024
1982-3703,PSICOLOGIA: CIÊNCIA E PROFISSÃO (ONLINE),A2,2021-2024
1982-422X,ACTA TECNOLÓGICA,B4,2021-2024
1982-4785,REVISTA ELETRÔNICA GESTÃO E SAÚDE,B4,2021-2024
1982-5153,ALEXANDRIA (UFSC),A1,2021-2024
1982-5269,REVISTA DEBATES (UFRGS),A2,2021-2024
1982-5498,IGAPÓ (CEFET-AM),A4,2021-2024
1982-5587,REVISTA IBERO-AMERICANA DE ESTUDOS EM EDUCAÇÃO,A1,2021-2024
1982-5765,AVALIAÇÃO: REVISTA DA AVALIAÇÃO DA EDUCAÇÃO SUPERIOR,A1,2021-2024
1982-6125,REVISTA BRASILEIRA DE PESQUISA EM TURISMO,A2,2021-2024
1982-6907,SÃO PAULO JOURNAL OF MATHEMATICAL SCIENCES,B2,2021-2024
1982-7687,REVISTA EM EXTENSÃO (ONLINE),B2,2021-2024
1982-873X,REVISTA BRASILEIRA DE ENSINO DE CIÊNCIA E TECNOLOGIA,A2,2021-2024
1983-0823,REVISTA BRASILEIRA DE BIOMETRIA,B2,2021-2024
1983-0882,CADERNO PEDAGÓGICO (LAJEADO. ONLINE),C,2021-2024
1983-1358,CADERNOS DE PROSPECÇÃO,A4,2021-2024
1983-1838,E-TECH: TECNOLOGIAS PARA COMPETITIVIDADE INDUSTRIAL,B2,2021-2024
1983-196X,ESTUDOS EM DESIGN (ONLINE),A1,2021-2024
1983-2664,REVISTA EDUCAONLINE,B3,2021-2024
1983-3288,PSYCHOLOGY & NEUROSCIENCE (ONLINE),A1,2021-2024
1983-3482,CONTEXTOS CLÍNICOS,A4,2021-2024
1983-3652,TEXTO LIVRE,A1,2021-2024
1983-5116,TENDÊNCIAS DA PESQUISA BRASILEIRA EM CIÊNCIA DA INFORMAÇÃO,A4,2021-2024
1983-5442,TURISMO E SOCIEDADE,B2,2021-2024
1983-5604,REVISTA DE SISTEMAS DE INFORMAÇÃO DA FSMA,C,2021-2024
1983-5930,CULTURAS MIDIÁTICAS,B1,2021-2024
1983-716X,REVISTA ALCANCE (ONLINE),B1,2021-2024
1983-8026,PRODUTO E PRODUÇÃO,B4,2021-2024
1983-8611,ADVANCES IN SCIENTIFIC & APPLIED ACCOUNTING,A3,2021-2024
1983-9294,DIALOGIA,A3,2021-2024
1983-9308,EXACTA (ONLINE),B2,2021-2024
1983-9391,REVISTA BRASILEIRA DE ECOTURISMO,B1,2021-2024
1984-042X,INTERAÇÕES (CAMPO GRANDE),A3,2021-2024
1984-0446,REVISTA BRASILEIRA DE ENFERMAGEM,A2,2021-2024
1984-0462,REVISTA PAULISTA DE PEDIATRIA (ONLINE),B1,2021-2024
1984-2430,"GEPROS GESTÃO DA PRODUÇÃO, OPERAÇÕES E SISTEMAS",B3,2021-2024
1984-2902,ISYS: REVISTA BRASILEIRA DE SISTEMAS DE INFORMAÇÃO,A4,2021-2024
1984-3011,INTERNATIONAL JOURNAL OF NUTROLOGY,B3,2021-2024
1984-3143,ANIMAL REPRODUCTION,A2,2021-2024
1984-3240,REVISTA CIENTÍFICA ANAP BRASIL,B2,2021-2024
1984-3526,REVISTA TECNOLOGIA E SOCIEDADE (ONLINE),B1,2021-2024
1984-3534,PESQUISA OPERACIONAL PARA O DESENVOLVIMENTO,B4,2021-2024
1984-431X,INTERDISCIPLINAR: REVISTA ELETRÔNICA DA UNIVAR,B1,2021-2024
1984-4387,REVISTA INTERESSE PÚBLICO,B1,2021-2024
1984-4689,ZOOLOGIA (CURITIBA. ONLINE),B1,2021-2024
1984-4867,REVISTA TURISMO EM ANÁLISE,A4,2021-2024
1984-557X,REVISTA ELETRÔNICA DE POTÊNCIA,B1,2021-2024
1984-6290,REVISTA EDUCAÇÃO PÚBLICA (RIO DE JANEIRO),B1,2021-2024
1984-6444,EDUCAÇÃO (SANTA MARIA. ONLINE),A1,2021-2024
1984-6576,"REVELLI: REVISTA DE EDUCAÇÃO, LINGUAGEM E LITERATURA DA UEG-INHUMAS",B1,2021-2024
1984-686X,REVISTA EDUCAÇÃO ESPECIAL (ONLINE),A1,2021-2024
1984-7246,PERCURSOS (UDESC) ONLINE,A3,2021-2024
1984-8226,REVISTA FRONTEIRAS (ONLINE),A2,2021-2024
1984-8234,FILOSOFIA UNISINOS,A1,2021-2024
1984-8412,FÓRUM LINGUISTICO (ONLINE),A1,2021-2024
1984-8420,WORKING PAPERS EM LINGUÍSTICA,A4,2021-2024
1984-9001,REVISTA BRASILEIRA DE FÍSICA MÉDICA (ONLINE),B3,2021-2024
1984-932X,ESTUDOS EM AVALIAÇÃO EDUCACIONAL (ONLINE),A1,2021-2024
1984-9540,PERIFERIA (DUQUE DE CAXIAS),A2,2021-2024
1988-2041,RETOS,A2,2021-2024
1988-3064,INTELIGÊNCIA ARTIFICIAL,A4,2021-2024
1988-5245,DELOS: DESARROLLO LOCAL SOSTENIBLE,B2,2021-2024
1988-7833,CONTRIBUCIONES A LAS CIENCIAS SOCIALES,C,2021-2024
1988-8996,REVISTA DE ESTILOS DE APRENDIZAJE,A3,2021-2024
1989-1660,THE INTERNATIONAL JOURNAL OF INTERACTIVE MULTIMEDIA AND ARTIFICIAL INTELLIGENCE - IJIMAI,A1,2021-2024
1989-4155,CUADERNOS DE EDUCACIÓN Y DESARROLLO,C,2021-2024
1989-5488,JOURNAL OF CLINICAL AND EXPERIMENTAL DENTISTRY,A4,2021-2024
1993-4912,INTERFASES,B3,2021-2024
1993-5250,INTERNATIONAL BUSINESS MANAGEMENT,C,2021-2024
1996-1073,ENERGIES (BASEL),A4,2021-2024
1999-4893,ALGORITHMS,C,2021-2024
1999-4907,FORESTS,A2,2021-2024
1999-4915,VIRUSES,A2,2021-2024
1999-4923,PHARMACEUTICS,A2,2021-2024
1999-5431,PUBLIC ADMINISTRATION ISSUE,B2,2021-2024
1999-5903,FUTURE INTERNET,C,2021-2024
2001-0370,COMPUTATIONAL AND STRUCTURAL BIOTECHNOLOGY JOURNAL,A1,2021-2024
2001-1326,CLINICAL AND TRANSLATIONAL MEDICINE,A1,2021-2024
2005-4092,"INTERNATIONAL JOURNAL OF CONTROL, AUTOMATION AND SYSTEMS",A2,2021-2024
2005-5447,INTERNATIONAL JOURNAL OF STEM CELLS,A4,2021-2024
2007-2120,CONTEXTUALIZACIONES LATINOAMERICANAS,A4,2021-2024
2008-9163,INTERNATIONAL JOURNAL OF ENERGY AND ENVIRONMENTAL ENGINEERING,A3,2021-2024
2010-0248,"INTERNATIONAL JOURNAL OF INNOVATION, MANAGEMENT AND TECHNOLOGY",B2,2021-2024
2010-135X,JOURNAL OF ADVANCED DIELECTRICS,A4,2021-2024
2027-0097,CORREO DE BIBLIOTECAS PUBLICAS IBEROAMERICANAS,C,2021-2024
2036-7481,MICROBIOLOGY RESEARCH,B2,2021-2024
2036-9913,INTERNATIONAL REVIEW OF CIVIL ENGINEERING,A2,2021-2024
2040-2244,JOURNAL OF WATER AND CLIMATE CHANGE,A3,2021-2024
2040-2570,INTERNATIONAL JOURNAL FOR DIGITAL SOCIETY,B3,2021-2024
2040-7939,INTERNATIONAL JOURNAL FOR NUMERICAL METHODS IN BIOMEDICAL ENGINEERING (PRINT),A2,2021-2024
2040-7947,INTERNATIONAL JOURNAL FOR NUMERICAL METHODS IN BIOMEDICAL ENGINEERING (ONLINE),A2,2021-2024
2041-1480,JOURNAL OF BIOMEDICAL SEMANTICS,A4,2021-2024
2041-1723,NATURE COMMUNICATIONS,A1,2021-2024
2041-210X,METHODS IN ECOLOGY AND EVOLUTION,A1,2021-2024
2044-0839,JOURNAL OF AGRIBUSINESS IN DEVELOPING AND EMERGING ECONOMIES,A2,2021-2024
2045-2322,SCIENTIFIC REPORTS,A1,2021-2024
2045-3701,CELL AND BIOSCIENCE,A2,2021-2024
2045-7022,CLINICAL AND TRANSLATIONAL ALLERGY,A2,2021-2024
2045-7634,CANCER MEDICINE,A2,2021-2024
2045-7758,ECOLOGY AND EVOLUTION,A3,2021-2024
2046-1402,F1000RESEARCH,A2,2021-2024
2046-2069,RSC ADVANCES: AN INTERNATIONAL JOURNAL TO FURTHER THE CHEMICAL SCIENCES,A2,2021-2024
2047-217X,GIGASCIENCE (ONLINE),A1,2021-2024
2047-2501,HEALTH INFORMATION SCIENCE AND SYSTEMS,A1,2021-2024
2047-4938,IET BIOMETRICS,A3,2021-2024
2047-7473,JOURNAL OF SOFTWARE: EVOLUTION AND PROCESS,A4,2021-2024
2047-7481,JOURNAL OF SOFTWARE: EVOLUTION AND PROCESS,A4,2021-2024
2047-9700,INTERNATIONAL JOURNAL OF HEALTHCARE MANAGEMENT,A1,2021-2024
2050-1242,NETWORK SCIENCE,A2,2021-2024
2051-1310,JOURNAL OF COMPLEX NETWORKS,A2,2021-2024
2051-1329,JOURNAL OF COMPLEX NETWORKS (ONLINE),A2,2021-2024
2052-0336,LATIN AMERICAN JOURNAL OF MANAGEMENT FOR SUSTAINABLE DEVELOPMENT,B2,2021-2024
2052-0344,LATIN AMERICAN JOURNAL OF MANAGEMENT FOR SUSTAINABLE DEVELOPMENT,B2,2021-2024
2052-1537,MATERIALS CHEMISTRY FRONTIERS,A1,2021-2024
2052-4463,SCIENTIFIC DATA,A1,2021-2024
2053-1583,2D MATERIALS,A1,2021-2024
2053-9517,BIG DATA & SOCIETY,A1,2021-2024
2054-5703,ROYAL SOCIETY OPEN SCIENCE,A1,2021-2024
2054-7404,ARCHIVES OF BUSINESS RESEARCH,B1,2021-2024
2055-0278,NATURE PLANTS,A1,2021-2024
2055-0936,"TROPICAL DISEASES, TRAVEL MEDICINE AND VACCINES",A4,2021-2024
2055-2076,DIGITAL HEALTH,A3,2021-2024
2055-3714,THE IFCOLOG JOURNAL OF LOGICS AND THEIR APPLICATIONS,B1,2021-2024
2056-3485,REMOTE SENSING IN ECOLOGY AND CONSERVATION,A1,2021-2024
2056-6700,OPEN LIBRARY OF HUMANITIES,A2,2021-2024
2056-7189,NPJ SYSTEMS BIOLOGY AND APPLICATIONS,A1,2021-2024
2057-1976,BIOMEDICAL PHYSICS & ENGINEERING EXPRESS,B1,2021-2024
2057-4991,CITIZEN SCIENCE: THEORY AND PRACTICE,A2,2021-2024
2058-9565,QUANTUM SCIENCE AND TECHNOLOGY,A1,2021-2024
2059-7908,BMJ GLOBAL HEALTH,A1,2021-2024
2071-1050,SUSTAINABILITY (BASEL),A3,2021-2024
2072-4292,REMOTE SENSING,A1,2021-2024
2072-6643,NUTRIENTS (BASEL),A1,2021-2024
2072-666X,MICROMACHINES,B1,2021-2024
2072-6694,CANCERS (BASEL) (ONLINE),A2,2021-2024
2073-431X,COMPUTERS,C,2021-2024
2073-4360,POLYMERS,A3,2021-2024
2073-4395,AGRONOMY,A2,2021-2024
2073-4409,CELLS,A2,2021-2024
2073-4425,GENES,A4,2021-2024
2073-4433,ATMOSPHERE,A3,2021-2024
2073-4441,WATER,A4,2021-2024
2073-445X,LAND,C,2021-2024
2073-607X,INTERNATIONAL JOURNAL OF COMMUNICATION NETWORKS AND INFORMATION SECURITY,C,2021-2024
2073-8994,SYMMETRY,A3,2021-2024
2074-9090,INTERNATIONAL JOURNAL OF COMPUTER NETWORK AND INFORMATION SECURITY (PRINT),A2,2021-2024
2075-1680,AXIOMS,C,2021-2024
2075-1702,MACHINES,B2,2021-2024
2075-4418,DIAGNOSTICS,A2,2021-2024
2075-4426,JOURNAL OF PERSONALIZED MEDICINE,A2,2021-2024
2075-4698,SOCIETIES,C,2021-2024
2075-4701,METALS - OPEN ACCESS METALLURGY JOURNAL,A3,2021-2024
2075-5309,BUILDINGS,A4,2021-2024
2075-9479,NEUROPSICOLOGIA LATINOAMERICANA,B3,2021-2024
2076-0930,INTERNATIONAL JOURNAL OF COMMUNICATION NETWORKS AND INFORMATION SECURITY (PRINT),C,2021-2024
2076-2607,MICROORGANISMS,A3,2021-2024
2076-2615,ANIMALS,A1,2021-2024
2076-3263,GEOSCIENCES,A2,2021-2024
2076-3387,ADMINISTRATIVE SCIENCES,C,2021-2024
2076-3417,APPLIED SCIENCES,C,2021-2024
2076-3425,BRAIN SCIENCES,C,2021-2024
2076-393X,VACCINES,A1,2021-2024
2077-0375,MEMBRANES,A4,2021-2024
2077-0383,JOURNAL OF CLINICAL MEDICINE,A2,2021-2024
2077-0472,AGRICULTURE,A2,2021-2024
2077-1312,JOURNAL OF MARINE SCIENCE AND ENGINEERING,C,2021-2024
2078-2489,INFORMATION,C,2021-2024
2079-3197,COMPUTATION,C,2021-2024
2079-4991,NANOMATERIALS,A2,2021-2024
2079-6382,ANTIBIOTICS-BASEL,A1,2021-2024
2079-7737,BIOLOGY,A2,2021-2024
2079-8954,SYSTEMS,C,2021-2024
2079-9292,ELECTRONICS,B1,2021-2024
2081-9943,JOURNAL OF GEODETIC SCIENCE,B1,2021-2024
2084-4840,E-INFORMATICA SOFTWARE ENGINEERING JOURNAL,B2,2021-2024
2088-5334,"INTERNATIONAL JOURNAL ON ADVANCED SCIENCE, ENGINEERING AND INFORMATION TECHNOLOGY",B1,2021-2024
2090-8105,STROKE RESEARCH AND TREATMENT,C,2021-2024
2092-7193,EPIDEMIOLOGY AND HEALTH,A3,2021-2024
2093-369X,HEALTHCARE INFORMATICS RESEARCH,A4,2021-2024
2095-2228,FRONTIERS OF COMPUTER SCIENCE (PRINT),A1,2021-2024
2095-9184,FRONTIERS OF INFORMATION TECHNOLOGY & ELECTRONIC ENGINEERING (IMPRESSO),A3,2021-2024
2146-0957,AN INTERNATIONAL JOURNAL OF OPTIMIZATION AND CONTROL: THEORIES & APPLICATIONS (PRINT),A2,2021-2024
2146-4553,INTERNATIONAL JOURNAL OF ENERGY ECONOMICS AND POLICY,A2,2021-2024
2150-8097,PROCEEDINGS OF THE VLDB ENDOWNMENT,A1,2021-2024
2150-959X,JOURNAL OF COMBINATORICS (ONLINE),B4,2021-2024
2151-0032,TRANSACTIONS OF THE ASABE,A4,2021-2024
2151-4755,CREATIVE EDUCATION,C,2021-2024
2152-2715,"CYBERPSYCHOLOGY, BEHAVIOR AND SOCIAL NETWORKING",A1,2021-2024
2153-0793,DYNAMIC GAMES AND APPLICATIONS (ONLINE),A3,2021-2024
2153-3539,JOURNAL OF PATHOLOGY INFORMATICS,A4,2021-2024
2155-6849,INTERNATIONAL JOURNAL OF GAME-BASED LEARNING.,A3,2021-2024
2155-7950,JOURNAL OF BUSINESS AND ECONOMICS,B2,2021-2024
2156-177X,INTERNATIONAL JOURNAL OF FUZZY SYSTEM APPLICATIONS,B1,2021-2024
2156-3357,IEEE JOURNAL ON EMERGING AND SELECTED TOPICS IN CIRCUITS AND SYSTEMS,A2,2021-2024
2156-3381,IEEE JOURNAL OF PHOTOVOLTAICS,A2,2021-2024
2156-5570,INTERNATIONAL JOURNAL OF ADVANCED COMPUTER SCIENCE AND APPLICATIONS (ONLINE),C,2021-2024
2156-907X,JOURNAL OF APPLIED ANALYSIS AND COMPUTATION,A4,2021-2024
2157-6904,ACM TRANSACTIONS ON INTELLIGENT SYSTEMS AND TECHNOLOGY,A1,2021-2024
2158-2440,SAGE OPEN,A1,2021-2024
2159-4627,BEIJING LAW REVIEW,C,2021-2024
2159-4635,BEIJING LAW REVIEW,C,2021-2024
2160-5912,INTELLIGENT INFORMATION MANAGEMENT,C,2021-2024
2160-6455,ACM TRANSACTIONS ON INTERACTIVE INTELLIGENT SYSTEMS,A2,2021-2024
2161-3915,TRANSACTIONS ON EMERGING TELECOMMUNICATIONS TECHNOLOGIES (ONLINE),A3,2021-2024
2161-5063,ACS SYNTHETIC BIOLOGY,A1,2021-2024
2161-6825,ADVANCES IN INTERNET OF THINGS (ONLINE),C,2021-2024
2161-7635,OPEN JOURNAL OF DISCRETE MATHEMATICS,C,2021-2024
2161-783X,GAMES FOR HEALTH JOURNAL,A1,2021-2024
2161-7856,"GAMES FOR HEALTH: RESEARCH, DEVELOPMENT, AND CLINICAL APPLICATIONS",A1,2021-2024
2162-2256,IEEE CONSUMER ELECTRONICS MAGAZINE,A1,2021-2024
2162-2337,IEEE WIRELESS COMMUNICATIONS LETTERS,A1,2021-2024
2162-2345,IEEE WIRELESS COMMUNICATIONS LETTERS,A1,2021-2024
2162-237X,IEEE TRANSACTIONS ON NEURAL NETWORKS AND LEARNING SYSTEMS,A1,2021-2024
2162-2973,APPLIED NEUROPSYCHOLOGY: CHILD,A4,2021-2024
2164-2591,TRANSLATIONAL VISION SCIENCE AND TECHNOLOGY,A2,2021-2024
2164-5515,HUMAN VACCINES & IMMUNOTHERAPEUTICS,A2,2021-2024
2165-0497,MICROBIOLOGY SPECTRUM,A4,2021-2024
2165-7416,OPEN JOURNAL OF OPHTHALMOLOGY,C,2021-2024
2167-8359,PEERJ,A2,2021-2024
2167-9495,AMERICAN JOURNAL OF CLIMATE CHANGE,C,2021-2024
2168-1171,COMPUTER METHODS IN BIOMECHANICS AND BIOMEDICAL ENGINEERING. IMAGING & VISUALIZATION (ONLINE),A4,2021-2024
2168-2208,IEEE JOURNAL OF BIOMEDICAL AND HEALTH INFORMATICS,A1,2021-2024
2168-2216,"IEEE TRANSACTIONS ON SYSTEMS, MAN, AND CYBERNETICS: SYSTEMS",A1,2021-2024
2168-2267,IEEE TRANSACTIONS ON CYBERNETICS,A1,2021-2024
2168-2291,IEEE TRANSACTIONS ON HUMAN-MACHINE SYSTEMS,A2,2021-2024
2168-2364,IEEE DESIGN & TEST,B1,2021-2024
2168-2372,IEEE JOURNAL OF TRANSLATIONAL ENGINEERING IN HEALTH AND MEDICINE,A3,2021-2024
2168-6750,IEEE TRANSACTIONS ON EMERGING TOPICS IN COMPUTING,A1,2021-2024
2168-6777,IEEE JOURNAL OF EMERGING AND SELECTED TOPICS IN POWER ELECTRONICS,A1,2021-2024
2168-6831,IEEE GEOSCIENCE AND REMOTE SENSING MAGAZINE,A1,2021-2024
2168-7161,IEEE TRANSACTIONS ON CLOUD COMPUTING,A1,2021-2024
2168-8184,CUREUS,B1,2021-2024
2169-3277,PRODUCTION & MANUFACTURING RESEARCH,A3,2021-2024
2169-3536,IEEE ACCESS,A3,2021-2024
2174-4289,"HISTORIOGRAFIAS, REVISTA DE HISTORIA Y TEORÍA",A4,2021-2024
2175-053X,REVISTA BRASILEIRA DE ESTUDOS DE SEGURANÇA PÚBLICA,B3,2021-2024
2175-2095,JORNAL BRASILEIRO DE ECONOMIA DA SAÚDE,B3,2021-2024
2175-2745,REVISTA DE INFORMÁTICA TEÓRICA E APLICADA: RITA,B4,2021-2024
2175-3369,URBE. REVISTA BRASILEIRA DE GESTÃO URBANA,A1,2021-2024
2175-3539,REVISTA PSICOLOGIA ESCOLAR E EDCUACIONAL,A1,2021-2024
2175-3598,JOURNAL OF HUMAN GROWTH AND DEVELOPMENT,B1,2021-2024
2175-3687,DIÁLOGO E INTERAÇÃO,B2,2021-2024
2175-4411,JOURNAL OF HEALTH INFORMATICS,A4,2021-2024
2175-4977,ANIMUS: REVISTA INTERAMERICANA DE COMUNICAÇÃO MIDIÁTICA,A4,2021-2024
2175-5361,REVISTA DE PESQUISA: CUIDADO E FUNDAMENTAL (ONLINE),A4,2021-2024
2175-6600,DEBATES EM EDUCAÇÃO,A3,2021-2024
2175-6783,REV RENE (ONLINE),A4,2021-2024
2175-7275,REVISTA CEREUS,A3,2021-2024
2175-7402,ALCEU (ONLINE),A3,2021-2024
2175-795X,PERSPECTIVA,A1,2021-2024
2175-8069,REVISTA CONTEMPORÂNEA DE CONTABILIDADE,A3,2021-2024
2175-8077,REVISTA DE CIÊNCIAS DA ADMINISTRAÇÃO,A4,2021-2024
2175-8239,JORNAL BRASILEIRO DE NEFROLOGIA,A3,2021-2024
2175-9146,JOURNAL OF AEROSPACE TECHNOLOGY AND MANAGEMENT (ONLINE),B1,2021-2024
2176-0144,REVISTA CONEXÕES - CIÊNCIA E TECNOLOGIA,A2,2021-2024
2176-0756,REVISTA IBERO AMERICANA DE ESTRATÉGIA,A4,2021-2024
2176-1523,"TECNOLOGIA EM METALURGIA, MATERIAIS E MINERAÇÃO",B1,2021-2024
2176-171X,REVISTA EDAPECI: EDUCAÇÃO A DISTÂNCIA E PRÁTICAS EDUCATIVAS COMUNICACIONAIS E INTERCULTURAIS,A3,2021-2024
2176-2988,BOLETIM GEPEM (ONLINE),A2,2021-2024
2176-4565,REVISTA CIATEC-UPF,B4,2021-2024
2176-4603,VIDYA (SANTA MARIA. ONLINE),A2,2021-2024
2176-4794,ESTUDOS LINGUÍSTICOS E LITERÁRIOS (UFBA),A3,2021-2024
2176-5111,CAMBIASSU: ESTUDOS EM COMUNICAÇÃO (ONLINE),A4,2021-2024
2176-5308,GESTÃO & REGIONALIDADE (ONLINE),A4,2021-2024
2176-5634,JORNAL INTERNACIONAL DE ESTUDOS EM EDUCAÇÃO MATEMÁTICA,A3,2021-2024
2176-6649,REVISTA BRASILEIRA DE COMPUTAÇÃO APLICADA,B4,2021-2024
2176-7114,REVISTA CONTEXTO & SAÚDE (ONLINE),A4,2021-2024
2176-7270,REVISTA DE ENGENHARIA E TECNOLOGIA,B2,2021-2024
2176-9036,REVISTA AMBIENTE CONTÁBIL,B1,2021-2024
2176-9109,DESENVOLVIMENTO E MEIO AMBIENTE,A3,2021-2024
2176-9133,COGITARE ENFERMAGEM,A4,2021-2024
2176-9168,REVISTA EM AGRONEGÓCIOS E MEIO AMBIENTE,B4,2021-2024
2176-9745,REVISTA BRASILEIRA DE CANCEROLOGIA,B1,2021-2024
2177-1472,REVISTA JURÍDICA DA UNIVERSIDADE DE RIO VERDE - UNIRV,B2,2021-2024
2177-2789,LUMEN ET VIRTUS,B2,2021-2024
2177-2894,REVISTA THEMA,A2,2021-2024
2177-4285,ENFERMAGEM EM FOCO,A4,2021-2024
2177-6652,REVISTA GESTÃO & TECNOLOGIA,A4,2021-2024
2177-7691,INTERFACES DA EDUCAÇÃO,A2,2021-2024
2177-7853,Vittalle (online),B3,2021-2024
2177-8310,EAD EM FOCO - REVISTA DE EDUCAÇÃO A DISTÂNCIA,A1,2021-2024
2177-8736,REGE REVISTA DE GESTAO,A2,2021-2024
2177-9309,EM TEIA - REVISTA DE EDUCAÇÃO MATEMÁTICA E TECNOLÓGICA IBEROAMERICANA,A4,2021-2024
2177-9465,ESCOLA ANNA NERY. REVISTA DE ENFERMAGEM,A4,2021-2024
2178-0013,REVISTA BRASILEIRA DE CIENCIAS POLICIAIS,A2,2021-2024
2178-0587,ECONOMIC ANALYSIS OF LAW REVIEW,A2,2021-2024
2178-2075,INCID: REVISTA DE DOCUMENTAÇÃO E CIÊNCIA DA INFORMAÇÃO,A3,2021-2024
2178-2091,REVISTA ELETRÔNICA ACERVO SAÚDE,A4,2021-2024
2178-7085,SAÚDE & TRANSFORMAÇÃO SOCIAL / HEALTH & SOCIAL CHANGE,B4,2021-2024
2178-7107,JOURNAL OF INFORMATION AND DATA MANAGEMENT - JIDM,A4,2021-2024
2178-8030,GESTAO E PLANEJAMENTO,A4,2021-2024
2178-8332,COLLOQUIUM EXACTARUM,B2,2021-2024
2178-9010,REVISTA DE GESTÃO E SECRETARIADO,C,2021-2024
2178-9061,ROSA DOS VENTOS,A4,2021-2024
2179-0981,REVISTA DE DIVULGAÇÃO CIENTÍFICA SENA AIRES,B1,2021-2024
2179-1074,"JOURNAL OF MICROWAVES, OPTOELECTRONICS AND ELECTROMAGNETIC APPLICATIONS",A4,2021-2024
2179-1309,CONTEXTO & EDUCAÇÃO,A1,2021-2024
2179-135X,REVISTA BRASILEIRA DE CASOS DE ENSINO EM ADMINISTRAÇÃO,B3,2021-2024
2179-1465,REVISTA GEMINIS,A3,2021-2024
2179-2895,REVISTA DE INOVAÇÃO TECNOLÓGICA,B3,2021-2024
2179-3425,BRAZILIAN JOURNAL OF ANALYTICAL CHEMISTRY (PRINT),B1,2021-2024
2179-3433,BRAZILIAN JOURNAL OF ANALYTICAL CHEMISTRY,B1,2021-2024
2179-4057,REVISTA PSICOPEDAGOGIA,A3,2021-2024
2179-426X,RENCIMA,A1,2021-2024
2179-460X,REVISTA CIÊNCIA E NATURA,B1,2021-2024
2179-684X,REVISTA BRASILEIRA DE ADMINISTRAÇÃO CIENTÍFICA,C,2021-2024
2179-6858,REVISTA IBERO-AMERICANA DE CIÊNCIAS AMBIENTAIS,C,2021-2024
2179-7374,REVISTA EDUCAÇÃO GRÁFICA,A3,2021-2024
2179-7692,REVISTA DE ENFERMAGEM DA UFSM,B1,2021-2024
2179-8451,TENDÊNCIAS EM MATEMÁTICA APLICADA E COMPUTACIONAL,B2,2021-2024
2180-1347,INTERNATIONAL JOURNAL OF HUMAN COMPUTER INTERACTION,C,2021-2024
2182-1801,REVISTA DE CIÊNCIAS DA COMPUTAÇÃO,C,2021-2024
2182-4967,RE@D,A3,2021-2024
2182-7796,INTERNATIONAL JOURNAL OF INFORMATION SYSTEMS AND PROJECT MANAGEMENT,A3,2021-2024
2182-9608,REVISTA DA UIIPS,A3,2021-2024
2183-5462,MEDIA & JORNALISMO,A2,2021-2024
2184-562X,REVISTA H2D - HUMANIDADES DIGITAIS,A3,2021-2024
2184-9021,PERSPETIVAS DA CONTEMPORANEIDADE,C,2021-2024
2185-3118,INTERNATIONAL JOURNAL OF INTELLIGENT ENGINEERING AND SYSTEMS (ONLINE),A3,2021-2024
2189-3756,PURE AND APPLIED FUNCTIONAL ANALYSIS,B3,2021-2024
2190-0558,JOURNAL OF PETROLEUM EXPLORATION AND PRODUCTION TECHNOLOGY,A2,2021-2024
2190-0566,JOURNAL OF PETROLEUM EXPLORATION AND PRODUCTION TECHNOLOGY,A2,2021-2024
2190-5983,JOURNAL OF MATHEMATICS IN INDUSTRY,A4,2021-2024
2190-7188,HEALTH AND TECHNOLOGY,A3,2021-2024
2190-8508,JOURNAL OF CRYPTOGRAPHIC ENGINEERING,A4,2021-2024
2192-113X,"JOURNAL OF CLOUD COMPUTING: ADVANCES, SYSTEMS AND APPLICATIONS",A2,2021-2024
2192-4376,EURO JOURNAL ON TRANSPORTATION AND LOGISTICS,A3,2021-2024
2192-4406,EURO JOURNAL ON COMPUTATIONAL OPTIMIZATION,A3,2021-2024
2192-6611,INTERNATIONAL JOURNAL OF MULTIMEDIA INFORMATION RETRIEVAL,A1,2021-2024
2192-6670,NETWORK MODELING ANALYSIS IN HEALTH INFORMATICS AND BIOINFORMATICS,A2,2021-2024
2193-1127,EPJ DATA SCIENCE,A2,2021-2024
2193-567X,ARABIAN JOURNAL FOR SCIENCE AND ENGINEERING (IMPRESSO),A1,2021-2024
2193-8245,OPHTHALMOLOGY AND THERAPY,A3,2021-2024
2194-9050,"ISPRS ANNALS OF THE PHOTOGRAMMETRY, REMOTE SENSING AND SPATIAL INFORMATION SCIENCES",B1,2021-2024
2195-1721,JOURNAL OF SOFTWARE ENGINEERING RESEARCH AND DEVELOPMENT,A4,2021-2024
2195-3880,"JOURNAL OF CONTROL, AUTOMATION AND ELECTRICAL SYSTEMS (IMPRESSO)",A4,2021-2024
2195-3899,"JOURNAL OF CONTROL, AUTOMATION AND ELECTRICAL SYSTEMS",A4,2021-2024
2195-4194,EEUROPEAN JOURNAL OF FUTURES,A1,2021-2024
2196-1115,JOURNAL OF BIG DATA,A1,2021-2024
2196-7091,SMART LEARNING ENVIRONMENTS,A1,2021-2024
2196-7237,LASERS IN MANUFACTURING AND MATERIALS PROCESSING,A4,2021-2024
2197-9553,SPRINGER GEOLOGY,B3,2021-2024
2197-9995,JOURNAL OF COMPUTERS IN EDUCATION,A1,2021-2024
2198-5812,ANNALS OF DATA SCIENCE,A2,2021-2024
2198-6053,COMPLEX & INTELLIGENT SYSTEMS,A1,2021-2024
2199-4676,JOURNAL OF RELIABLE INTELLIGENT ENVIRONMENTS,A2,2021-2024
2199-8531,"JOURNAL OF OPEN INNOVATION: TECHNOLOGY, MARKET, AND COMPLEXITY (JOITMC)",A1,2021-2024
2199-899X,PROCEEDINGS OF IAHS (ONLINE),B1,2021-2024
2202-3518,THE AUSTRALASIAN JOURNAL OF COMBINATORICS,B2,2021-2024
2210-142X,INTERNATIONAL JOURNAL OF COMPUTING AND DIGITAL SYSTEMS,B2,2021-2024
2210-4968,SEMANTIC WEB (ONLINE),A2,2021-2024
2210-5379,SUSTAINABLE COMPUTING: INFORMATICS AND SYSTEMS,A1,2021-2024
2210-6502,SWARM AND EVOLUTIONARY COMPUTATION,A1,2021-2024
2210-6707,SUSTAINABLE CITIES AND SOCIETY,A1,2021-2024
2210-7703,INTERNATIONAL JOURNAL OF CLINICAL PHARMACY,A1,2021-2024
2211-1662,"TECHNOLOGY, KNOWLEDGE AND LEARNING",A1,2021-2024
2211-1670,"TECHNOLOGY, KNOWLEDGE AND LEARNING",A1,2021-2024
2211-2855,NANO ENERGY,A1,2021-2024
2211-3797,RESULTS IN PHYSICS,A3,2021-2024
2211-5242,"DISABILITY, CBR & INCLUSIVE DEVELOPMENT",B2,2021-2024
2211-6753,SPATIAL STATISTICS,A2,2021-2024
2211-6923,OPERATIONS RESEARCH FOR HEALTH CARE,A3,2021-2024
2211-8837,HEALTH POLICY AND TECHNOLOGY,A2,2021-2024
2212-4403,"ORAL SURGERY, ORAL MEDICINE, ORAL PATHOLOGY AND ORAL RADIOLOGY",A2,2021-2024
2212-7984,BENTHAM SCIENCE PUBLISHERS LTD.,A3,2021-2024
2212-8689,INTERNATIONAL JOURNAL OF CHILD-COMPUTER INTERACTION (IMPRESSO),A1,2021-2024
2213-1337,ASTRONOMY AND COMPUTING,A4,2021-2024
2213-1388,SUSTAINABLE ENERGY TECHNOLOGIES AND ASSESSMENTS AN INTERNATIONAL JOURNAL,A1,2021-2024
2213-5979,PHOTOACOUSTICS (AMSTERDAM),A1,2021-2024
2213-624X,CASE STUDIES ON TRANSPORT POLICY,A2,2021-2024
2213-7165,JOURNAL OF GLOBAL ANTIMICROBIAL RESISTANCE,A2,2021-2024
2214-2096,VEHICULAR COMMUNICATIONS,A2,2021-2024
2214-2126,JOURNAL OF INFORMATION SECURITY AND APPLICATIONS,A1,2021-2024
2214-2894,FOOD PACKAGING AND SHELF LIFE,A1,2021-2024
2214-3173,INFORMATION PROCESSING IN AGRICULTURE,A1,2021-2024
2214-4269,MOLECULAR GENETICS AND METABOLISM REPORTS,B1,2021-2024
2214-5095,CASE STUDIES IN CONSTRUCTION MATERIALS,A1,2021-2024
2214-5796,BIG DATA RESEARCH,A2,2021-2024
2214-7160,OPERATIONS RESEARCH PERSPECTIVES,A1,2021-2024
2214-8604,ADDITIVE MANUFACTURING,A1,2021-2024
2215-0161,METHODSX,A2,2021-2024
2215-0986,"ENGINEERING SCIENCE AND TECHNOLOGY, AN INTERNATIONAL JOURNAL",A1,2021-2024
2215-3411,ODOVTOS - INTERNATIONAL JOURNAL OF DENTAL SCIENCES,B2,2021-2024
2216-0159,REVISTA PRAXIS & SABER: MAESTRÍA EN EDUCACIÓN,A1,2021-2024
2218-1989,METABOLITES,A4,2021-2024
2218-273X,BIOMOLECULES,A2,2021-2024
2218-6581,ROBOTICS,C,2021-2024
2220-9964,ISPRS INTERNATIONAL JOURNAL OF GEO-INFORMATION,C,2021-2024
2221-870X,ACTA IMEKO,B1,2021-2024
2223-4292,QUANTITATIVE IMAGING IN MEDICINE AND SURGERY,A3,2021-2024
2224-2708,JOURNAL OF SENSOR AND ACTUATOR NETWORKS,C,2021-2024
2224-5766,RESEARCH ON HUMANITIES AND SOCIAL SCIENCES,A4,2021-2024
2225-1146,ECONOMETRICS,A3,2021-2024
2226-4310,AEROSPACE (ONLINE),C,2021-2024
2226-5856,JOURNAL OF URBAN MANAGEMENT,A1,2021-2024
2227-7080,TECHNOLOGIES,A4,2021-2024
2227-7102,EDUCATION SCIENCES,C,2021-2024
2227-7390,MATHEMATICS,C,2021-2024
2227-9032,HEALTHCARE,A3,2021-2024
2227-9059,BIOMEDICINES,A2,2021-2024
2227-9709,INFORMATICS,C,2021-2024
2227-9717,PROCESSES,B1,2021-2024
2230-8776,JOURNAL OF INFORMATION & SYSTEMS MANAGEMENT,B4,2021-2024
2230-9926,INTERNATIONAL JOURNAL OF DEVELOPMENT RESEARCH,C,2021-2024
2231-007X,INTERNATIONAL JOURNAL OF DATA MINING AND KNOWLEDGE MANAGEMENT PROCESS (IJDKP) (PRINT),B3,2021-2024
2231-1963,INTERNATIONAL JOURNAL OF ADVANCES IN ENGINEERING AND TECHNOLOGY,C,2021-2024
2231-525X,INTERNATIONAL JOURNAL OF IMAGING AND ROBOTICS,B4,2021-2024
2231-5381,INTERNATIONAL JOURNAL OF ENGINEERING TRENDS AND TECHNOLOGY,C,2021-2024
2233-7857,INTERNATIONAL JOURNAL OF FUTURE GENERATION COMMUNICATION AND NETWORKING,C,2021-2024
2234-943X,FRONTIERS IN ONCOLOGY,A3,2021-2024
2235-2988,FRONTIERS IN CELLULAR AND INFECTION MICROBIOLOGY,A2,2021-2024
2236-0093,REVISTA JUNIOR DE INICIAÇÃO CIENTÍFICA EM CIÊNCIAS EXATAS E ENGENHARIA,C,2021-2024
2236-0158,REVISTA DE ENSINO DE ENGENHARIA,B2,2021-2024
2236-0700,REVISTA RAZÃO CONTÁBIL E FINANÇAS,B3,2021-2024
2236-0972,REVISTA DE GESTÃO E PROJETOS,A4,2021-2024
2236-1057,LATIN AMERICAN JOURNAL OF AQUATIC MAMMALS,B4,2021-2024
2236-1170,"REVISTA ELETRÔNICA EM GESTÃO, EDUCAÇÃO E TECNOLOGIA AMBIENTAL REGET-CT/UFSM",B2,2021-2024
2236-2207,PROJETICA,A1,2021-2024
2236-269X,INDEPENDENT JOURNAL OF MANAGEMENT & PRODUCTION,B4,2021-2024
2236-3297,SBC JOURNAL ON 3D INTERACTIVE SYSTEMS,A4,2021-2024
2236-417X,PERSPECTIVAS EM GESTÃO & CONHECIMENTO,B1,2021-2024
2236-5222,REVISTA DE CIÊNCIAS MÉDICAS E BIOLÓGICAS,B1,2021-2024
2236-5753,REVISTA EDICIC,A4,2021-2024
2236-5834,SAÚDE (SANTA MARIA),B1,2021-2024
2236-6784,REVISTA EXTENSÃO E CULTURA DA UFRB,B4,2021-2024
2236-9929,CADERNOS DA FUCAMP,A3,2021-2024
2237-0072,REVISTA ELETRÔNICA DE SISTEMAS DE INFORMAÇÃO E GESTÃO TECNOLÓGICA,B3,2021-2024
2237-0153,REVISTA TRILHAS PEDAGÓGICAS,B2,2021-2024
2237-0315,REVISTA COCAR (ONLINE),A2,2021-2024
2237-1036,REVISTA DE DIREITO INTERNACIONAL,A1,2021-2024
2237-1346,TRANSPORTES (RIO DE JANEIRO),A3,2021-2024
2237-1966,SEMIÁRIDO DE VISU,B1,2021-2024
2237-2083,REVISTA DE ESTUDOS DA LINGUAGEM,A1,2021-2024
2237-2903,REVISTA DE SISTEMAS E COMPUTAÇÃO - RSC,B4,2021-2024
2237-3195,PERSPECTIVA HISTÓRICA,C,2021-2024
2237-3713,REVISTA DE TECNOLOGIA APLICADA,B1,2021-2024
2237-4450,ENSINO DE CIÊNCIAS E TECNOLOGIA EM REVISTA,A4,2021-2024
2237-4558,NAVUS REVISTA DE GESTÃO E TECNOLOGIA,A4,2021-2024
2237-5112,REVISTA DE TECNOLOGIA DA INFORMAÇÃO E COMUNICAÇÃO,B4,2021-2024
2237-826X,ATOZ: NOVAS PRÁTICAS EM INFORMAÇÃO E CONHECIMENTO,A2,2021-2024
2237-8642,REVISTA BRASILEIRA DE CLIMATOLOGIA,A3,2021-2024
2237-9185,REVISTA EDUCAR MAIS (ONLINE),A2,2021-2024
2237-9223,REVISTA BRASILEIRA DE CRIMINALISTICA,A2,2021-2024
2237-9622,EPIDEMIOLOGIA E SERVIÇOS DE SAÚDE,A2,2021-2024
2237-9851,REVISTA ABCM ENGENHARIA,B4,2021-2024
2238-0507,PERSPECTIVAS EM CIÊNCIAS TECNOLÓGICAS,B4,2021-2024
2238-0515,"EMPREENDEDORISMO, GESTÃO E NEGÓCIOS REVISTA DO CURSO DE ADMINISTRAÇÃO",B4,2021-2024
2238-1279,EDUCAÇÃO E CULTURA CONTEMPORÂNEA (ONLINE),A2,2021-2024
2238-2097,REVISTA EDUCAÇÃO PÚBLICA DA UFMT,A2,2021-2024
2238-2380,"REVISTA DE EDUCAÇÃO, CIÊNCIAS E MATEMÁTICA",A4,2021-2024
2238-2542,E-REVISTA LOGO,B1,2021-2024
2238-2763,REVISTA BRASILEIRA DE ESTUDOS DA FUNÇÃO PÚBLICA - RBEFP,C,2021-2024
2238-3603,COMPUTATIONAL AND APPLIED MATHEMATICS,A2,2021-2024
2238-4782,ETHNOBIOLOGY AND CONSERVATION (ONLINE),A2,2021-2024
2238-5800,REVISTA PARANAENSE DE EDUCAÇÃO MATEMÁTICA,A2,2021-2024
2238-6963,PARTICIPAÇÃO,B3,2021-2024
2238-7315,REVISTA CONEXÃO UEPG,A2,2021-2024
2238-8079,"TEAR - REVISTA DE EDUCAÇÃO, CIÊNCIA E TECNOLOGIA",A4,2021-2024
2238-8753,REVISTA GESTÃO & SUSTENTABILIDADE AMBIENTAL,B1,2021-2024
2238-8893,"REVISTA AMAZÔNIA, ORGANIZAÇÕES E SUSTENTABILIDADE",B1,2021-2024
2249-0868,INTERNATIONAL JOURNAL OF APPLIED INFORMATION SYSTEMS,C,2021-2024
2249-4618,GLOBAL JOURNAL OF MEDICAL RESEARCH,B3,2021-2024
2249-6645,INTERNATIONAL JOURNAL OF MODERN ENGINEERING RESEARCH,C,2021-2024
2250-3765,INTERNATIONAL JOURNAL OF ADVANCES IN COMPUTER SCIENCE AND ITS APPLICATIONS,B2,2021-2024
2252-8938,IAES INTERNATIONAL JOURNAL OF ARTIFICIAL INTELLIGENCE (IJ-AI),A4,2021-2024
2254-7630,REVISTA CARIBEÑA DE CIENCIAS SOCIALES,C,2021-2024
2255-2863,ADVANCES IN DISTRIBUTED COMPUTING AND ARTIFICIAL INTELLIGENCE JOURNAL,B2,2021-2024
2263-8733,JOURNAL OF COMPUTER VIROLOGY AND HACKING TECHNIQUES (ONLINE),A3,2021-2024
2278-0181,INTERNATIONAL JOURNAL OF ENGINEERING RESEARCH & TECHNOLOGY,C,2021-2024
2278-067X,INTERNATIONAL JOURNAL OF ENGINEERING RESEARCH AND DEVELOPMENT,C,2021-2024
2278-1307,INTERNATIONAL JOURNAL ON NATURAL LANGUAGE COMPUTING (ONLINE),B2,2021-2024
2278-4721,RESEARCH INVENTY: INTERNATIONAL JOURNAL OF ENGINEERING AND SCIENCE,C,2021-2024
2278-487X,IOSR JOURNAL OF BUSINESS AND MANAGEMENT (IOSR-JBM),C,2021-2024
2281-3993,ACADEMIC JOURNAL OF INTERDISCIPLINARY STUDIES,A3,2021-2024
2286-4822,EUROPEAN ACADEMIC RESEARCH,C,2021-2024
2291-9279,JMIR SERIOUS GAMES,A1,2021-2024
2291-9694,JMIR MEDICAL INFORMATICS,A2,2021-2024
2292-9495,JMIR HUMAN FACTORS,A3,2021-2024
2296-2360,FRONTIERS IN PEDIATRICS,B1,2021-2024
2296-2565,FRONTIERS IN PUBLIC HEALTH,A1,2021-2024
2296-2646,FRONTIERS IN CHEMISTRY,A2,2021-2024
2296-424X,FRONTIERS IN PHYSICS,A4,2021-2024
2296-634X,FRONTIERS IN CELL AND DEVELOPMENTAL BIOLOGY,A1,2021-2024
2296-665X,FRONTIERS IN ENVIRONMENTAL SCIENCE,A3,2021-2024
2296-6846,FRONTIERS FOR YOUNG MINDS,C,2021-2024
2296-701X,FRONTIERS IN ECOLOGY AND EVOLUTION,A3,2021-2024
2296-858X,FRONTIERS IN MEDICINE,A2,2021-2024
2296-875X,FRONTIERS IN SURGERY,B1,2021-2024
2296-889X,FRONTIERS IN MOLECULAR BIOSCIENCES,A2,2021-2024
2296-9144,FRONTIERS IN ROBOTICS AND AI,C,2021-2024
2297-055X,FRONTIERS IN CARDIOVASCULAR MEDICINE,A3,2021-2024
2297-1769,FRONTIERS IN VETERINARY SCIENCE,A1,2021-2024
2297-8747,MATHEMATICAL AND COMPUTATIONAL APPLICATIONS,C,2021-2024
2300-7451,SPECIAL MATRICES,A3,2021-2024
2304-0106,ANALES DE LA ACADEMIA DE CIENCIAS DE CUBA (AACC),A4,2021-2024
2304-6732,PHOTONICS,A4,2021-2024
2304-8158,FOODS,A2,2021-2024
2305-6290,LOGISTICS,C,2021-2024
2305-6703,STANDARDS,C,2021-2024
2306-0212,BULLETIN OF THE TECHNICAL COMMITTEE ON LEARNING TECHNOLOGY,B3,2021-2024
2306-5354,BIOENGINEERING,B1,2021-2024
2306-5729,DATA,C,2021-2024
2306-6172,EURASIAN JOURNAL OF MATHEMATICAL AND COMPUTER APPLICATIONS (PRINT),B2,2021-2024
2307-1885,JOURNAL OF ENGINEERING RESEARCH,B1,2021-2024
2307-2113,REVISTA CUBANA DE INFORMACIÓN EN CIENCIAS DE LA SALUD,A3,2021-2024
2310-5070,"STATISTICS, OPTIMIZATION AND INFORMATION COMPUTING",A4,2021-2024
2311-5521,FLUIDS,C,2021-2024
2313-433X,JOURNAL OF IMAGING,C,2021-2024
2313-4402,"AMERICAN SCIENTIFIC RESEARCH JOURNAL FOR ENGINEERING, TECHNOLOGY, AND SCIENCES (ASRJETS)",C,2021-2024
2313-4410,"AMERICAN SCIENTIFIC RESEARCH JOURNAL FOR ENGINEERING, TECHNOLOGY, AND SCIENCES",C,2021-2024
2313-8734,SUPERCOMPUTING FRONTIERS AND INNOVATIONS,B2,2021-2024
2314-6141,BIOMED RESEARCH INTERNATIONAL,A2,2021-2024
2316-1493,REVISTA TURISMO ESTUDOS E PRÁTICAS,A4,2021-2024
2316-3127,IDEIAS E INOVAÇÃO LATO SENSU,B3,2021-2024
2316-3712,REVISTA DE GESTÃO EM SISTEMAS DE SAÚDE,B2,2021-2024
2316-3801,INTERFACES CIENTÍFICAS - HUMANAS E SOCIAIS,A2,2021-2024
2316-3828,INTERFACES CIENTÍFICAS - EDUCAÇÃO,A3,2021-2024
2316-4522,REVISTA MILITAR DE CIÊNCIA E TECNOLOGIA,B3,2021-2024
2316-4891,COLEÇÃO MEIRA MATTOS - REVISTA DAS CIÊNCIAS MILITARES (ONLINE),B1,2021-2024
2316-6517,INTERNATIONAL JOURNAL OF KNOWLEDGE ENGINEERING AND MANAGEMENT - IJKEM,B2,2021-2024
2316-6614,BELAS INFIÉIS,A2,2021-2024
2316-6746,REVISTA LABORATIVA,A4,2021-2024
2316-770X,REVISTA DA UFMG,A4,2021-2024
2316-7963,HUMAN FACTORS IN DESIGN,A3,2021-2024
2316-9036,REVISTA USP,A1,2021-2024
2316-9141,REVISTA DE HISTÓRIA,A1,2021-2024
2316-9281,SCIENTIFIC ELECTRONIC ARCHIVES,B1,2021-2024
2316-9451,ABAKÓS,B3,2021-2024
2316-9834,REVISTA DE GESTAO AMBIENTAL E SUSTENTABILIDADE,B1,2021-2024
2316-9907,"CADERNOS DE EDUCAÇÃO, TECNOLOGIA E SOCIEDADE",A3,2021-2024
2316-9915,INTERNATIONAL JOURNAL OF COMPUTER ARCHITECTURE EDUCATION,B1,2021-2024
2317-0026,CADERNOS DE PROSPECÇÃO,A4,2021-2024
2317-0093,EDUCAÇÃO EM FOCO (UEMG) ONLINE,A3,2021-2024
2317-0115,RMP - REVISTA DOS MESTRADOS PROFISSIONAIS,B3,2021-2024
2317-0840,SIGMAE,B2,2021-2024
2317-1782,CODAS,A3,2021-2024
2317-269X,"VIGILÂNCIA SANITÁRIA EM DEBATE: SOCIEDADE, CIÊNCIA & TECNOLOGIA",B2,2021-2024
2317-434X,"REVISTA INTERFACES - SAÚDE, HUMANAS E TECNOLOGIA",B4,2021-2024
2317-4536,CADERNOS DO IME - SÉRIE ESTATÍSTICA,C,2021-2024
2317-5451,REVISTA ELO - DIÁLOGOS EM EXTENSÃO,B2,2021-2024
2317-5907,JOURNAL OF RESEARCH IN DENTISTRY,B3,2021-2024
2317-6121,REVISTA BRASILEIRA DE INFORMÁTICA NA EDUCAÇÃO,A3,2021-2024
2317-6369,REVISTA BRASILEIRA DE SAÚDE OCUPACIONAL,B1,2021-2024
2317-6377,PER MUSI (ONLINE),A4,2021-2024
2317-6385,EINSTEIN (SAO PAULO),A4,2021-2024
2317-6431,AUDIOLOGY - COMMUNICATION RESEARCH (ACR),B1,2021-2024
2317-6636,MATEMÁTICA CONTEMPORÂNEA,B2,2021-2024
2317-6822,ARCHIVES OF VETERINARY SCIENCE,B3,2021-2024
2317-904X,EDUCAÇÃO MATEMÁTICA EM REVISTA,A2,2021-2024
2317-918X,ARQUIVO JURÍDICO – REVISTA JURÍDICA ELETRÔNICA DA UNIVERSIDADE FEDERAL DO PIAUÍ,A3,2021-2024
2317-9511,TRADTERM,A3,2021-2024
2317-9937,REVISTA VÓRTEX,A1,2021-2024
2318-0331,REVISTA BRASILEIRA DE RECURSOS HÍDRICOS,A3,2021-2024
2318-0692,REVISTA DE ENGENHARIA DA UNIVERSIDADE CATÓLICA DE PETRÓPOLIS,B2,2021-2024
2318-0722,REVISTA CIÊNCIAS ADMINISTRATIVAS,A4,2021-2024
2318-0889,TRANSINFORMAÇÃO,A1,2021-2024
2318-2369,PRÁXIS: SABERES DA EXTENSÃO,B3,2021-2024
2318-2962,CADERNO DE GEOGRAFIA,A1,2021-2024
2318-3160,POLIÉTICA. REVISTA DE ÉTICA E FILOSOFIA POLÍTICA,A2,2021-2024
2318-5694,"TRÍADE: COMUNICAÇÃO, CULTURA E MÍDIA",A4,2021-2024
2318-7344,@RQUIVO BRASILEIRO DE EDUCAÇÃO,B1,2021-2024
2318-7670,NATIVA,B1,2021-2024
2318-7999,REVISTA DA FACULDADE MINEIRA DE DIREITO,A2,2021-2024
2318-8472,REVISTA NACIONAL DE GERENCIAMENTO DE CIDADES,A2,2021-2024
2318-8839,"TECNOLOGIAS, SOCIEDADE E CONHECIMENTO",A3,2021-2024
2318-9975,INTERNATIONAL JOURNAL OF INNOVATION,A4,2021-2024
2319-0612,BRAZILIAN JOURNAL OF RADIATION SCIENCES,A3,2021-2024
2319-0639,REVISTA BRASILEIRA DE GESTÃO E INOVAÇÃO,B2,2021-2024
2319-0817,REVISTA DE ESTUDOS EMPÍRICOS EM DIREITO,A2,2021-2024
2320-0057,JOURNAL OF SCIENTOMETRIC RESEARCH,C,2021-2024
2320-0243,INTERNATIONAL JOURNAL OF ADVANCED REMOTE SENSING AND GIS,B3,2021-2024
2320-8430,INTERNATIONAL JOURNAL ON CYBERNETICS & INFORMATICS (ONLINE),B2,2021-2024
2326-0254,"EYE AND VISION (LONDON, ENGLAND)",A1,2021-2024
2326-7461,THE INTERNATIONAL JOURNAL OF ETHICAL LEADERSHIP (PRINT),C,2021-2024
2326-7550,INTERNATIONAL JOURNAL OF CLOUD COMPUTING,B2,2021-2024
2327-4662,IEEE INTERNET OF THINGS JOURNAL,A1,2021-2024
2327-4697,IEEE TRANSACTIONS ON NETWORK SCIENCE AND ENGINEERING,A1,2021-2024
2327-5219,JOURNAL OF COMPUTER AND COMMUNICATIONS,C,2021-2024
2327-5634,SAE INTERNATIONAL JOURNAL OF TRANSPORTATION SAFETY,B2,2021-2024
2328-8957,OPEN FORUM INFECTIOUS DISEASES,A3,2021-2024
2329-423X,NEUROPHOTONICS,A1,2021-2024
2329-4302,JOURNAL OF MEDICAL IMAGING,A4,2021-2024
2329-924X,IEEE TRANSACTIONS ON COMPUTATIONAL SOCIAL SYSTEMS,A1,2021-2024
2329-9274,IEEE-CAA JOURNAL OF AUTOMATICA SINICA,A1,2021-2024
2329-9290,"IEEE/ACM TRANSACTIONS ON AUDIO, SPEECH AND LANGUAGE PROCESSING",A1,2021-2024
2330-1643,JOURNAL OF THE ASSOCIATION FOR INFORMATION SCIENCE AND TECHNOLOGY,A1,2021-2024
2330-2674,INTERNATIONAL JOURNAL OF SYSTEMS SCIENCE: OPERATIONS & LOGISTICS,A2,2021-2024
2331-1916,COGENT ENGINEERING,A3,2021-2024
2331-1975,COGENT BUSINESS & MANAGEMENT,A1,2021-2024
2332-7790,IEEE TRANSACTIONS ON BIG DATA,A1,2021-2024
2332-8886,BIOELECTRONIC MEDICINE,A2,2021-2024
2332-9017,"ASCE-ASME JOURNAL OF RISK AND UNCERTAINTY IN ENGINEERING SYSTEMS, PART B: MECHANICAL ENGINEERING",A2,2021-2024
2333-5084,EARTH AND SPACE SCIENCE,A2,2021-2024
2333-8334,AIMS ENERGY,A4,2021-2024
2334-0762,THE FLORIDA ARTIFICIAL INTELLIGENCE RESEARCH SOCIETY (FLAIRS),B1,2021-2024
2334-265X,NPJ SCHIZOPHRENIA,A1,2021-2024
2335-8971,INFORMATICS IN EDUCATION (ONLINE),A1,2021-2024
2340-860X,CADERNOS DE DEREITO ACTUAL (IMPRESSO),A1,2021-2024
2349-6495,INTERNATIONAL JOURNAL OF ADVANCED ENGINEERING RESEARCH AND SCIENCE,C,2021-2024
2351-8014,INTERNATIONAL JOURNAL OF INNOVATION AND SCIENTIFIC RESEARCH,B1,2021-2024
2352-1465,TRANSPORTATION RESEARCH PROCEDIA,B1,2021-2024
2352-152X,JOURNAL OF ENERGY STORAGE,A1,2021-2024
2352-2208,JOURNAL OF LOGICAL AND ALGEBRAIC METHODS IN PROGRAMMING,A2,2021-2024
2352-3042,GENES & DISEASE,A1,2021-2024
2352-4073,PLANT GENE,A3,2021-2024
2352-4677,"SUSTAINABLE ENERGY, GRIDS AND NETWORKS",A2,2021-2024
2352-4847,ENERGY REPORTS,A2,2021-2024
2352-4855,REGIONAL STUDIES IN MARINE SCIENCE,A2,2021-2024
2352-5134,AQUACULTURE REPORTS,A1,2021-2024
2352-6483,SMART HEALTH,A2,2021-2024
2352-7102,JOURNAL OF BUILDING ENGINEERING,A1,2021-2024
2352-7110,SOFTWAREX,A3,2021-2024
2352-8648,DIGITAL COMMUNICATIONS AND NETWORKS (ONLINE),A1,2021-2024
2352-9148,INFORMATICS IN MEDICINE UNLOCKED,A2,2021-2024
2352-9385,REMOTE SENSING APPLICATIONS: SOCIETY AND ENVIRONMENT,A1,2021-2024
2353-3390,MATHEMATICAL MORPHOLOGY - THEORY AND APPLICATIONS,B2,2021-2024
2357-707X,ENFERMAGEM EM FOCO,A4,2021-2024
2357-724X,BOLETIM ONLINE DE EDUCAÇÃO MATEMÁTICA,B1,2021-2024
2357-8017,REVISTA DO SERVICO PUBLICO (ONLINE),A3,2021-2024
2357-9226,REVISTA ECONÔMICA DO NORDESTE,A3,2021-2024
2357-9641,PAN AMERICAN JOURNAL OF AGING RESEARCH,B3,2021-2024
2358-0763,CIÊNCIA DA INFORMAÇÃO EM REVISTA,A3,2021-2024
2358-2200,REVISTA BRASILEIRA DE TECNOLOGIAS SOCIAIS,B2,2021-2024
2358-2286,LATIN AMERICAN JOURNAL OF ENERGY RESEARCH,B2,2021-2024
2358-2472,ARACÊ - DIREITOS HUMANOS EM REVISTA,B1,2021-2024
2358-2898,SAÚDE EM DEBATE,A2,2021-2024
2358-6508,REVISTA DE ENGENHARIA CIVIL IMED,B4,2021-2024
2358-7482,IF-SOPHIA,B2,2021-2024
2358-7806,LOGEION: FILOSOFIA DA INFORMAÇÃO,A2,2021-2024
2358-7814,P2P & INOVAÇÃO,A2,2021-2024
2358-8195,EXPRESSA EXTENSÃO,A4,2021-2024
2358-8322,HUMANIDADES & INOVAÇÃO,A3,2021-2024
2359-0599,CAMINHO ABERTO: REVISTA DE EXTENSÃO DO IFSC,A3,2021-2024
2359-1412,REVISTA BRASILEIRA DE GESTÃO AMBIENTAL E SUSTENTABILIDADE,B2,2021-2024
2359-1552,REVISTA POLÍTICAS PÚBLICAS & CIDADES,B1,2021-2024
2359-1919,REGA - REVISTA DE GESTÃO DE ÁGUA DA AMÉRICA LATINA,B1,2021-2024
2359-232X,REVISTA BRASILEIRA DE INICIAÇÃO CIENTÍFICA,A3,2021-2024
2359-2494,REVISTA COM CENSO ESTUDOS EDUCACIONAIS DO DISTRITO FEDERAL,A4,2021-2024
2359-277X,REVISTA EDUCAÇÃO E LINGUAGEM,B1,2021-2024
2359-4292,ARCHIVES OF ENDOCRINOLOGY AND METABOLISM,B2,2021-2024
2359-4381,ENSINO & PESQUISA,A3,2021-2024
2359-4748,"REVISTA BRASILEIRA DE CIÊNCIA, TECNOLOGIA E INOVAÇÃO",B3,2021-2024
2359-4802,INTERNATIONAL JOURNAL OF CARDIOVASCULAR SCIENCES (PRINT),B3,2021-2024
2363-9512,PROGRESS IN ADDITIVE MANUFACTURING,A2,2021-2024
2364-0502,YEARBOOK OF MEDICAL INFORMÁTICA (INTERNET),B1,2021-2024
2364-415X,INTERNATIONAL JOURNAL OF DATA SCIENCE AND ANALYTICS,A2,2021-2024
2364-7108,OPEN JOURNAL OF INTERNET OF THINGS (OJIOT),B2,2021-2024
2364-8228,APPLIED NETWORK SCIENCE,A2,2021-2024
2365-9440,INTERNATIONAL JOURNAL OF EDUCATIONAL TECHNOLOGY IN HIGHER EDUCATION,A1,2021-2024
2366-5971,INTERNATIONAL JOURNAL OF INTELLIGENT ROBOTICS AND APPLICATION,B1,2021-2024
2369-2960,JMIR PUBLIC HEALTH AND SURVEILLANCE,A1,2021-2024
2369-3762,JMIR MEDICAL EDUCATION,A1,2021-2024
2374-0353,ACM TRANSACTIONS ON SPATIAL ALGORITHMS AND SYSTEMS,A1,2021-2024
2375-2548,SCIENCE ADVANCES,A1,2021-2024
2375-4931,PAPERS IN APPLIED GEOGRAPHY,A4,2021-2024
2376-3639,ACM TRANSACTIONS ON MODELING AND PERFORMANCE EVALUATION OF COMPUTING SYSTEMS,A4,2021-2024
2376-5992,PEERJ COMPUTER SCIENCE,A2,2021-2024
2377-3766,IEEE ROBOTICS AND AUTOMATION LETTERS,A1,2021-2024
2377-3782,IEEE TRANSACTIONS ON SUSTAINABLE COMPUTING,A1,2021-2024
2378-0231,SOCIUS (ONLINE),A1,2021-2024
2378-962X,ACM TRANSACTIONS ON CYBER-PHYSICAL SYSTEMS,A2,2021-2024
2379-5077,MSYSTEMS,A1,2021-2024
2379-8904,IEEE TRANSACTIONS ON INTELLIGENT VEHICLES,A1,2021-2024
2382-3704,MAMMALOGY NOTES,B4,2021-2024
2386-8570,INTERNATIONAL JOURNAL OF SCIENTIFIC MANAGEMENT AND TOURISM,C,2021-2024
2391-6060,OPERATIONS RESEARCH AND DECISIONS,B3,2021-2024
2397-3374,NATURE HUMAN BEHAVIOUR,A1,2021-2024
2397-3498,THE DOWNSIDE REVIEW: SAGE JOURNALS,B3,2021-2024
2398-6247,INFORMATION DISCOVERY AND DELIVERY (PRINT),A2,2021-2024
2399-3642,COMMUNICATIONS BIOLOGY,A1,2021-2024
2399-4908,INTERNATIONAL JOURNAL OF POPULATION DATA SCIENCE (IJPDS),A4,2021-2024
2399-8083,ENVIRONMENT AND PLANNING B: URBAN ANALYTICS AND CITY SCIENCE,A1,2021-2024
2399-8091,ENVIRONMENT AND PLANNING B: URBAN ANALYTICS AND CITY SCIENCE ONLINE,A1,2021-2024
2405-8440,HELIYON,A2,2021-2024
2405-9595,ICT EXPRESS,A1,2021-2024
2411-2933,INTERNATIONAL JOURNAL FOR INNOVATION EDUCATION AND RESEARCH,C,2021-2024
2411-3123,INTERNATIONAL JOURNAL FOR INNOVATION EDUCATION AND RESEARCH,C,2021-2024
2411-5134,INVENTIONS,C,2021-2024
2414-4088,MULTIMODAL TECHNOLOGIES INTERACT,C,2021-2024
2415-6698,"ADVANCES IN SCIENCE, TECHNOLOGY AND ENGINEERING SYSTEMS JOURNAL",C,2021-2024
2430-3658,RESCIENCE,C,2021-2024
2436-8539,CULTURAL ARTS RESEARCH AND DEVELOPMENT,C,2021-2024
2444-8729,EDUCATION IN THE KNOWLEDGE SOCIETY - EKS,A3,2021-2024
2446-4740,RESEARCH ON BIOMEDICAL ENGINEERING,A4,2021-2024
2446-7634,REVISTA ELETRÔNICA ARGENTINA-BRASIL DE TECNOLOGIAS DA INFORMAÇÃO E DA COMUNICAÇÃO,B3,2021-2024
2446-774X,REVISTA DE ESTUDOS E PESQUISAS SOBRE ENSINO TECNOLÓGICO,A2,2021-2024
2446-8738,GESTÃO E DESENVOLVIMENTO EM REVISTA,B3,2021-2024
2446-9424,REVISTA INTERNACIONAL DE EDUCAÇÃO SUPERIOR,A2,2021-2024
2446-9491,REVISTA GUARÁ,A1,2021-2024
2446-9580,REVISTA PRODUÇÃO E DESENVOLVIMENTO,A3,2021-2024
2447-0740,REVISTA GEAMA (ONLINE),B1,2021-2024
2447-0961,CONTEMPORÂNEA - REVISTA DE ÉTICA E FILOSOFIA POLÍTICA,C,2021-2024
2447-2573,REVISTA BRASILEIRA DE NEUROLOGIA,B3,2021-2024
2447-2689,REMAT: REVISTA ELETRÔNICA DA MATEMÁTICA,B1,2021-2024
2447-3073,MIX SUSTENTÁVEL (ONLINE),A2,2021-2024
2447-4193,REVISTA BRASILEIRA DE POLÍTICA E ADMINISTRAÇÃO DA EDUCAÇÃO,A1,2021-2024
2447-5246,EDUCAÇÃO EM FOCO (UFJF) ONLINE,A3,2021-2024
2447-5580,BRAZILIAN JOURNAL OF PRODUCTION ENGINEERING,B2,2021-2024
2447-6811,INSTITUTO DE ENGENHARIA NUCLEAR: PROGRESS REPORT,B3,2021-2024
2447-7451,INTERNATIONAL JOURNAL OF BUSINESS MARKETING,B2,2021-2024
2447-8733,"REVISTA DE ENSINO, EDUCAÇÃO E CIÊNCIAS HUMANAS",A3,2021-2024
2447-9047,DIÁLOGOS POSSÍVEIS (ONLINE),A4,2021-2024
2447-9187,REVISTA PRINCIPIA,B2,2021-2024
2447-9926,REVISTA DO INSTITUTO DE HERMENÊUTICA JURÍDICA,B1,2021-2024
2448-0916,CADERNOS CAJUÍNA,A3,2021-2024
2448-0959,REVISTA CIENTÍFICA MULTIDISCIPLINAR NÚCLEO DO CONHECIMENTO,C,2021-2024
2448-167X,REM - INTERNATIONAL ENGINEERING JOURNAL,A4,2021-2024
2448-1904,REVISTA COMING - COMMUNICATIONS AND INNOVATIONS GAZETTE,C,2021-2024
2448-2889,REVISTA LIVRE DE SUSTENTABILIDADE E EMPREENDEDORISMO,B2,2021-2024
2451-9588,COMPUTERS IN HUMAN BEHAVIOR REPORTS,A1,2021-2024
2452-0144,GENE REPORTS,B2,2021-2024
2452-2198,RHIZOSPHERE,A2,2021-2024
2452-2929,WORLD DEVELOPMENT PERSPECTIVES,A2,2021-2024
2454-2008,INTERNATIONAL JOURNAL OF SCIENCE AND RESEARCH METHODOLOGY,C,2021-2024
2454-4698,INTERNATIONAL JOURNAL OF ENGINEERING AND TECHNICAL RESEARCH (PRINT),C,2021-2024
2456-1908,INTERNATIONAL JOURNAL OF ADVANCED ENGINEERING RESEARCH AND SCIENCE,C,2021-2024
2456-2165,INTERNATIONAL JOURNAL OF INNOVATIVE SCIENCE AND RESEARCH TECHNOLOGY,C,2021-2024
2458-9403,JOURNAL OF MULTIDISCIPLINARY ENGINEERING SCIENCE AND TECHNOLOGY,C,2021-2024
2462-8603,PRAXIS & SABER: REVISTA DE INVESTIGACIÓN Y PEDAGOGIA,A1,2021-2024
2468-0427,INFECTIOUS DISEASE MODELLING,A2,2021-2024
2468-0540,NON-CODING RNA RESEARCH (ONLINE),A2,2021-2024
2468-0672,HARDWAREX,A3,2021-2024
2468-4376,JOURNAL OF INFORMATION SYSTEMS ENGINEERING & MANAGEMENT,B3,2021-2024
2468-6964,ONLINE SOCIAL NETWORKS AND MEDIA,A1,2021-2024
2469-7281,IEEE JOURNAL OF RADIO FREQUENCY IDENTIFICATION,A3,2021-2024
2469-9926,PHYSICAL REVIEW A,A2,2021-2024
2469-9950,PHYSICAL REVIEW B: COVERING CONDENSED MATTER AND MATERIALS PHYSICS,A2,2021-2024
2470-0045,"PHYSICAL REVIEW E: COVERING STATISTICAL, NONLINEAR, BIOLOGICAL, AND SOFT MATTER PHYSICS",A2,2021-2024
2470-6566,SIAM JOURNAL ON APPLIED ALGEBRA AND GEOMETRY (ONLINE),A2,2021-2024
2471-2531,INAUGURAL REVIEW SERIES,A1,2021-2024
2471-2566,ACM TRANSACTIONS ON PRIVACY AND SECURITY,A3,2021-2024
2471-2825,IEEE COMMUNICATIONS STANDARDS MAGAZINE (PRINT),A1,2021-2024
2471-2833,IEEE COMMUNICATIONS STANDARDS MAGAZINE,A1,2021-2024
2471-285X,IEEE TRANSACTIONS ON EMERGING TOPICS IN COMPUTATIONAL INTELLIGENCE,A1,2021-2024
2472-1751,NETWORK NEUROSCIENCE,A1,2021-2024
2473-2400,IEEE TRANSACTIONS ON GREEN COMMUNICATIONS AND NETWORKING,A1,2021-2024
2473-2907,"JOURNAL OF TRANSPORTATION ENGINEERING, PART A: SYSTEMS",A4,2021-2024
2473-9529,BLOOD ADVANCES,A1,2021-2024
2475-1456,IEEE CONTROL SYSTEMS LETTERS,A2,2021-2024
2475-1472,IEEE SENSORS LETTERS,A3,2021-2024
2475-1502,IEEE TRANSACTIONS ON GAMES,A3,2021-2024
2475-4455,PLANT DIRECT,A2,2021-2024
2475-9066,THE JOURNAL OF OPEN SOURCE SOFTWARE,A1,2021-2024
2476-1249,PROCEEDINGS OF THE ACM ON MEASUREMENT AND ANALYSIS OF COMPUTING SYSTEMS,A4,2021-2024
2476-1508,INTERNET TECHNOLOGY LETTERS,B1,2021-2024
2500-6177,REVISTA GERENCIA Y POLÍTICAS DE SALUD (RGPS),B2,2021-2024
2500-7645,REVISTA CIENTÍFICA GENERAL JOSÉ MARÍA CÓRDOVA,A4,2021-2024
2504-0537,FRONTIERS IN RESEARCH METRICS AND ANALYTICS,C,2021-2024
2504-110X,DIGITAL BIOMARKERS (ONLINE),A1,2021-2024
2504-2289,BIG DATA AND COGNITIVE COMPUTING,C,2021-2024
2504-284X,FRONTIERS IN EDUCATION,C,2021-2024
2504-446X,DRONES,A4,2021-2024
2509-4971,JOURNAL OF HEALTHCARE INFORMATICS RESEARCH,A1,2021-2024
2510-2044,COMPUTING AND SOFTWARE FOR BIG SCIENCE,A2,2021-2024
2515-0464,INTERNATIONAL JOURNAL OF HYDROMECHATRONICS (PRINT),A4,2021-2024
2515-4184,MOLECULAR OMICS,A3,2021-2024
2515-4230,CLEAN ENERGY (PRINT),A4,2021-2024
2516-6425,JORNAL INTERNACIONAL DE BLOCKCHAINS E CRIPTOMOEDAS,B2,2021-2024
2517-5025,IN SILICO PLANTS,A2,2021-2024
2517-5599,ADVANCES IN COMBINATORICS,A1,2021-2024
2520-8454,SURGICAL AND EXPERIMENTAL PATHOLOGY,B2,2021-2024
2520-8497,POLYTECHNICA,B4,2021-2024
2522-5839,NATURE MACHINE INTELLIGENCE,A1,2021-2024
2523-3939,JOURNAL OF VIBRATION ENGINEERING & TECHNOLOGIES,A4,2021-2024
2523-3963,SN APPLIED SCIENCES,A1,2021-2024
2524-4671,ANIMAL MICROBIOME,A1,2021-2024
2524-4906,QUANTUM MACHINE INTELLIGENCE,A1,2021-2024
2524-6372,ENVIRONMENTAL MICROBIOME,A1,2021-2024
2524-8154,MATERIALS CIRCULAR ECONOMY,A3,2021-2024
2525-3166,LÍBERO,A4,2021-2024
2525-3263,REVISTA INDISCIPLINAR,B2,2021-2024
2525-328X,REVISTA DA AGU (ONLINE),A4,2021-2024
2525-3409,"RESEARCH, SOCIETY AND DEVELOPMENT",C,2021-2024
2525-3468,INFORMAÇÃO EM PAUTA,A3,2021-2024
2525-3522,"REVISTA CARIOCA DE CIÊNCIA, TECNOLOGIA E EDUCAÇÃO",A3,2021-2024
2525-3654,INTERNATIONAL JOURNAL OF PROFESSIONAL BUSINESS REVIEW,C,2021-2024
2525-376X,REVISTA DE GRADUAÇÃO DA USP,B3,2021-2024
2525-4146,PROJECTUS,B4,2021-2024
2525-4251,REVISTA DE ENGENHARIA E PESQUISA APLICADA,B2,2021-2024
2525-4332,REVISTA DE INICIAÇÃO À DOCÊNCIA,B1,2021-2024
2525-4553,"REVISTA SCIENTIA: CIÊNCIA, INFORMAÇÃO, HABILIDADE E CONHECIMENTO",B1,2021-2024
2525-4782,"REVISTA MUNDI ENGENHARIA, TECNOLOGIA E GESTÃO",B2,2021-2024
2525-5304,ORFEU,A1,2021-2024
2525-6092,REVISTA RURAL E URBANO - UFPE,B2,2021-2024
2525-7757,REVISTA NAVA,A1,2021-2024
2525-815X,JOURNAL OF ENVIRONMENTAL ANALYSIS AND PROGRESS,B2,2021-2024
2525-8222,REVISTA PESQUISA QUALITATIVA,A1,2021-2024
2525-8761,BRAZILIAN JOURNAL OF DEVELOPMENT,C,2021-2024
2525-9555,REVISTA SISTEMAS E MÍDIAS DIGITAIS,C,2021-2024
2525-9563,REVISTA DE SAÚDE DIGITAL E TECNOLOGIAS EDUCACIONAIS,B4,2021-2024
2526-1010,JOURNAL HEALTH NPEPS,B1,2021-2024
2526-2149,REVISTA PRÁTICA DOCENTE,A3,2021-2024
2526-2289,REVISTA GESTÃO E ORGANIZAÇÕES (REGOR),B3,2021-2024
2526-3528,REVISTA DE ADMINISTRAÇÃO EM SAÚDE (ONLINE),B3,2021-2024
2526-4036,MÚLTIPLOS ACESSOS - REVISTA CIENTÍFICA INTERDISCIPLINAR,B2,2021-2024
2526-4281,FACIT BUSINESS AND TECHNOLOGY JOURNAL,A2,2021-2024
2526-5830,REVISTA IPT,B2,2021-2024
2526-6136,EDUCAÇÃO MATEMÁTICA DEBATE,A2,2021-2024
2526-6578,REVISTA ENCONTROS UNIVERSITÁRIOS DA UFC,B4,2021-2024
2526-8236,PESQUISA E ENSINO EM CIÊNCIAS EXATAS E DA NATUREZA,C,2021-2024
2526-8384,REVISTA GESTÃO DO CONHECIMENTO E TECNOLOGIA DA INFORMAÇÃO,B3,2021-2024
2526-9038,CARTA INTERNACIONAL,A2,2021-2024
2526-9461,BARBAQUÁ,B2,2021-2024
2526-9542,REPPE REVISTA DE PRODUTOS EDUCACIONAIS E PESQUISAS EM ENSINO,A3,2021-2024
2526-9747,FISIOTERAPIA BRASIL (ONLINE),B2,2021-2024
2526-9798,EOFTALMO (ONLINE),B4,2021-2024
2527-1075,THE JOURNAL OF ENGINEERING AND EXACT SCIENCES,A4,2021-2024
2527-2675,REVISTA BRASILEIRA MULTIDISCIPLINAR. REBRAM (ONLINE),A3,2021-2024
2531-1379,"HEMATOLOGY, TRANSFUSION AND CELL THERAPY (IMPRESSO)",A4,2021-2024
2542-6605,INTERNET OF THINGS,A1,2021-2024
2560-6921,JOURNAL OF NONLINEAR AND VARIATIONAL ANALYSIS,A1,2021-2024
2561-326X,JMIR FORMATIVE RESEARCH,A4,2021-2024
2561-3278,JMIR BIOMEDICAL ENGINEERING (ONLINE),B3,2021-2024
2561-9128,JMIR PERIOPERATIVE MEDICINE (ONLINE),B2,2021-2024
2569-2925,IACR TRANSACTIONS ON CRYPTOGRAPHIC HARDWARE AND EMBEDDED SYSTEMS,A1,2021-2024
2571-5577,APPLIED SYSTEM INNOVATION,C,2021-2024
2571-631X,VIBRATION,C,2021-2024
2571-9408,HERITAGE,C,2021-2024
2573-0142,PROCEEDINGS OF THE ACM ON HUMAN-COMPUTER INTERACTION,A1,2021-2024
2573-5152,FUTURES & FORESIGHT SCIENCE,A1,2021-2024
2573-7147,JOURNAL OF VISUAL LANGUAGES AND SENTIENT SYSTEMS,B3,2021-2024
2573-9468,WIRES FORENSIC SCIENCE,A2,2021-2024
2574-0970,ACS APPLIED NANO MATERIALS,A2,2021-2024
2576-098X,MICROBIOLOGY RESOURCE ANNOUNCEMENTS,B2,2021-2024
2576-3164,IEEE JOURNAL ON MINIATURIZATION FOR AIR AND SPACE SYSTEMS,A3,2021-2024
2576-3199,IEEE INTERNET OF THINGS MAGAZINE,A4,2021-2024
2576-5337,DIGITAL THREATS (ONLINE),A3,2021-2024
2578-1863,HUMAN BEHAVIOR AND EMERGING TECHNOLOGIES,A2,2021-2024
2581-9615,WORLD JOURNAL OF ADVANCED RESEARCH AND REVIEWS,C,2021-2024
2582-3191,ACTA SCIENTIFIC OPHTHALMOLOGY,C,2021-2024
2589-7217,ARTIFICIAL INTELLIGENCE IN AGRICULTURE,A1,2021-2024
2590-0056,ARRAY,A3,2021-2024
2590-0374,RESULTS IN APPLIED MATHEMATICS,A3,2021-2024
2590-1184,JOURNAL OF COMPUTER LANGUAGES,A4,2021-2024
2590-2911,SOCIAL SCIENCES & HUMANITIES OPEN,A1,2021-2024
2591-5312,AGENDA DE REFLEXION EN ARQUITECTURA,B2,2021-2024
2594-3553,JOURNAL OF APPLIED INSTRUMENTATION AND CONTROL,B4,2021-2024
2594-3901,ENSINO E TECNOLOGIA EM REVISTA,A4,2021-2024
2594-4754,REVISTA MACAMBIRA,B1,2021-2024
2594-4827,EDUCAÇÃO PROFISSIONAL E TECNOLÓGICA EM REVISTA,A3,2021-2024
2594-7036,REVISTA SÍTIO NOVO,A4,2021-2024
2594-8288,REVISTA INGI,A4,2021-2024
2594-8849,REVISTA CIENTÍFICA FOZ (ONLINE),B2,2021-2024
2594-9004,REVISTA DOCÊNCIA E CIBERCULTURA,A3,2021-2024
2594-9020,GESTÃO EM CONHECIMENTO – RGC,B3,2021-2024
2594-9888,"PERSPECTIVAS EXPERIMENTAIS E CLÍNICAS, INOVAÇÕES BIOMÉDICAS E EDUCAÇÃO EM SAÚDE (PECIBES)",B3,2021-2024
2595-0622,COMUNICAÇÕES EM INFORMÁTICA,C,2021-2024
2595-1084,REVISTA AGULHAS NEGRAS,B4,2021-2024
2595-3621,BRAZILIAN APPLIED SCIENCE REVIEW,C,2021-2024
2595-4490,REVES - REVISTA RELAÇÕES SOCIAIS,A3,2021-2024
2595-4644,REVISTA DA SOCESP,B4,2021-2024
2595-5217,JOURNAL OF INFORMATION SECURITY AND CRYPTOGRAPHY (ENIGMA),B4,2021-2024
2595-573X,BRAZILIAN JOURNAL OF ANIMAL AND ENVIRONMENTAL RESEARCH,B1,2021-2024
2595-5748,BRAZILIAN JOURNAL OF TECHNOLOGY,C,2021-2024
2595-668X,REVISTA DA CGU (ONLINE),A4,2021-2024
2595-6825,BRAZILIAN JOURNAL OF HEALTH REVIEW,C,2021-2024
2595-7376,REVISTA BRASILEIRA DE ENSINO DE CIÊNCIAS E MATEMÁTICA,A2,2021-2024
2595-8178,REVISTA ELETRÔNICA DA FACULDADE INVEST DE CIÊNCIAS E TECNOLOGIA,B1,2021-2024
2595-8402,REVISTA SOCIEDADE CIENTÍFICA,B2,2021-2024
2595-9204,REVISTA SUMMAE SAPIENTIAE,B2,2021-2024
2595-9611,REVISTA MAIS EDUCAÇÃO,B3,2021-2024
2596-058X,RECITE,A3,2021-2024
2596-061X,REVISTA PROCIÊNCIAS,B3,2021-2024
2596-1934,BRAZILIAN JOURNAL OF BUSINESS,C,2021-2024
2596-2701,REVISTA DE CIÊNCIA DA COMPUTAÇÃO,B2,2021-2024
2616-8375,ITU JOURNAL,B2,2021-2024
2624-599X,ACOUSTICS (ONLINE),C,2021-2024
2624-6511,SMART CITIES,C,2021-2024
2624-7402,AGRIENGINEERING,A2,2021-2024
2624-8212,FRONTIERS IN ARTIFICIAL INTELLIGENCE,C,2021-2024
2624-831X,IOT,C,2021-2024
2624-8921,VEHICLES,C,2021-2024
2624-909X,FRONTIERS IN BIG DATA,C,2021-2024
2624-9898,FRONTIERS IN COMPUTER SCIENCE (LAUSANNE),C,2021-2024
2626-8493,INTERNATIONAL JOURNAL OF ONLINE AND BIOMEDICAL ENGINEERING (IJOE),A3,2021-2024
2630-5194,JOURNAL OF BUSINESS ADMINISTRATION RESEARCH,B4,2021-2024
2631-3316,FUTURE DRUG DISCOVERY,C,2021-2024
2631-7079,INTERNATIONAL JOURNAL OF INTELLIGENT INTERNET OF THINGS COMPUTING (ONLINE),B2,2021-2024
2631-7680,IET SMART CITIES,A1,2021-2024
2631-9810,JOURNAL OF APPLIED LOGICS - IFCOLOG JOURNAL OF LOFICS AND THEIR APPLICATIONS (PRINT),B1,2021-2024
2631-9829,JOURNAL OF APPLIED LOGICS,B1,2021-2024
2632-072X,JOURNAL OF PHYSICS: COMPLEXITY,A1,2021-2024
2632-2153,MACHINE LEARNING: SCIENCE AND TECHNOLOGY,A1,2021-2024
2632-6582,JOURNAL OF SUSTAINABILITY RESEARCH (ONLINE),A3,2021-2024
2633-6693,MICROLIFE,A3,2021-2024
2634-3797,GLOBAL STUDIES QUARTERLY,A4,2021-2024
2635-0041,BIOINFORMATICS ADVANCES (ONLINE),A3,2021-2024
2637-6407,"IEEE TRANSACTIONS ON BIOMETRICS, BEHAVIOR, AND IDENTITY SCIENCE",A1,2021-2024
2637-6415,IEEE TRANSACTIONS ON TECHNOLOGY AND SOCIETY (ONLINE),A4,2021-2024
2639-0175,DIGITAL GOVERNMENT: RESEARCH AND PRACTICE,A2,2021-2024
2640-3498,PROCEEDINGS OF MACHINE LEARNING RESEARCH,A2,2021-2024
2641-0281,MELATONIN RESEARCH,B2,2021-2024
2641-435X,DATA INTELLIGENCE (ONLINE),A1,2021-2024
2642-1577,INTERNATIONAL JOURNAL OF ARTIFICIAL INTELLIGENCE AND MACHINE LEARNING,B2,2021-2024
2642-2859,JOURNAL OF ARTIFICIAL INTELLIGENCE AND SYSTEMS,B2,2021-2024
2643-1564,PHYSICAL REVIEW RESEARCH,A1,2021-2024
2643-4512,INTERNATIONAL ARCHIVES OF PUBLIC HEALTH AND COMMUNITY MEDICINE,B4,2021-2024
2644-1225,IEEE OPEN JOURNAL OF CIRCUITS AND SYSTEMS,A4,2021-2024
2644-125X,IEEE OPEN JOURNAL OF THE COMMUNICATIONS SOCIETY,A1,2021-2024
2644-1268,IEEE OPEN JOURNAL OF THE COMPUTER SOCIETY (ONLINE),A1,2021-2024
2644-1330,IEEE OPEN JOURNAL OF VEHICULAR TECHNOLOGY,A1,2021-2024
2645-9248,JOURNAL OF IDEAS IN HEALTH,C,2021-2024
2658-5316,RUSSIAN JOURNAL OF NONLINEAR DYNAMICS,B2,2021-2024
2661-8907,SN COMPUTER SCIENCE,A2,2021-2024
2662-9283,SN SOCIAL SCIENCES,B1,2021-2024
2662-9399,SN BUSINESS & ECONOMICS,A3,2021-2024
2662-995X,SN COMPUTER SCIENCE,A2,2021-2024
2662-9992,HUMANITIES & SOCIAL SCIENCES COMMUNICATIONS,A1,2021-2024
2665-9638,SOFTWARE IMPACTS,B2,2021-2024
2666-0164,CASE STUDIES IN CHEMICAL AND ENVIRONMENTAL ENGINEERING,A1,2021-2024
2666-1438,LATIN AMERICAN JOURNAL OF CENTRAL BANKING,A4,2021-2024
2666-1667,STAR PROTOCOLS,B1,2021-2024
2666-2817,FORENSIC SCIENCE INTERNATIONAL: DIGITAL INVESTIGATION,A1,2021-2024
2666-3546,"BRAIN, BEHAVIOR, & IMMUNITY - HEALTH",A1,2021-2024
2666-3899,PATTERNS,A1,2021-2024
2666-5212,INTELLIGENCE-BASED MEDICINE (ONLINE),A3,2021-2024
2666-5395,OPEN CERAMICS,A2,2021-2024
2666-5441,ARTIFICIAL INTELLIGENCE IN GEOSCIENCES,A3,2021-2024
2666-5573,COMPUTERS AND EDUCATION OPEN,A1,2021-2024
2666-7207,RESULTS IN CONTROL AND OPTIMIZATION,B1,2021-2024
2666-7649,DATA SCIENCE AND MANAGEMENT (ONLINE),A2,2021-2024
2666-8270,MACHINE LEARNING WITH APPLICATIONS,A2,2021-2024
2666-8319,TALANTA OPEN,A2,2021-2024
2666-9129,ADVANCES IN INDUSTRIAL AND MANUFACTURING ENGINEERING,A3,2021-2024
2666-920X,COMPUTERS AND EDUCATION: ARTIFICIAL INTELLIGENCE,A1,2021-2024
2666-9900,COMPUTER METHODS AND PROGRAMS IN BIOMEDICINE UPDATE,A4,2021-2024
2667-0313,PHYTOMEDICINE PLUS,A3,2021-2024
2667-0968,INTERNATIONAL JOURNAL OF INFORMATION MANAGEMENT DATA INSIGHTS,A1,2021-2024
2667-1026,INTELLIGENT MEDICINE,A2,2021-2024
2667-1131,SOLAR ENERGY ADVANCES,A4,2021-2024
2667-193X,THE LANCET REGIONAL HEALTH - AMERICAS,A2,2021-2024
2667-2901,CELLS & DEVELOPMENT (ONLINE),B1,2021-2024
2667-3053,INTELLIGENT SYSTEMS WITH APPLICATIONS (ISWA),A2,2021-2024
2667-3185,ARTIFICIAL INTELLIGENCE IN THE LIFE SCIENCES,A4,2021-2024
2667-3452,INTERNET OF THINGS AND CYBER-PHYSICAL SYSTEMS (ONLINE),A1,2021-2024
2668-3245,INTERNATIONAL JOURNAL OF USER-SYSTEM INTERACTION (IJUSI) (PRINT),B3,2021-2024
2673-253X,FRONTIERS IN DIGITAL HEALTH,A3,2021-2024
2673-2688,AI,C,2021-2024
2673-3951,MODELLING,B2,2021-2024
2673-4001,TELECOM,C,2021-2024
2673-4052,AUTOMATION,B2,2021-2024
2673-4087,NEUROSCI,C,2021-2024
2673-4117,ENG,B3,2021-2024
2673-5067,FRONTIERS IN SENSORS,C,2021-2024
2673-530X,FRONTIERS IN COMMUNICATIONS AND NETWORKS,C,2021-2024
2673-5601,IMMUNO,A4,2021-2024
2673-611X,FRONTIERS IN CONSERVATION SCIENCE,A4,2021-2024
2673-6268,FRONTIERS IN CONTROL ENGINEERING,B3,2021-2024
2673-6284,BIOTECH,B2,2021-2024
2673-7086,GEOGRAPHIES,C,2021-2024
2673-7515,FRONTIERS IN TROPICAL DISEASES,B4,2021-2024
2673-7647,FRONTIERS IN BIOINFORMATICS,A3,2021-2024
2673-8007,APPLIED MICROBIOLOGY,C,2021-2024
2673-9909,APPLIEDMATH,C,2021-2024
2673-9984,PHYSICAL SCIENCES FORUM,C,2021-2024
2674-0338,FRONTIERS IN DRUG DISCOVERY (LAUSANNE),C,2021-2024
2674-113X,SOFTWARE (ONLINE),C,2021-2024
2674-5895,REVISTA DE GESTÃO DOS PAÍSES DE LÍNGUA PORTUGUESA,B2,2021-2024
2674-5976,REVISTA NOVA PAIDEIA,A4,2021-2024
2674-8703,REVISTA DE ESTUDOS INTERDISCIPLINARES,A4,2021-2024
2674-9297,LATIN AMERICAN JOURNAL OF DEVELOPMENT,C,2021-2024
2674-9564,REVISTA BRASILEIRA DE ECONOMIA SOCIAL E DO TRABALHO,B3,2021-2024
2675-021X,JOURNAL OF EVIDENCE-BASED HEALTHCARE,B4,2021-2024
2675-1488,BOLETIM DE CONJUNTURA - BOCA,C,2021-2024
2675-1828,REVISTA BRASILEIRA EM TECNOLOGIA DA INFORMAÇÃO,A4,2021-2024
2675-1909,"REMATEC. REVISTA DE MATEMÁTICA, ENSINO E CULTURA (ONLINE)",A3,2021-2024
2675-1933,REVISTA PESQUISA & ENSINO,A4,2021-2024
2675-2824,OCEAN AND COASTAL RESEARCH,B2,2021-2024
2675-3375,"REVISTA IBERO-AMERICANA DE HUMANIDADES, CIÊNCIAS E EDUCAÇÃO",A3,2021-2024
2675-4126,LYNX,B3,2021-2024
2675-4630,REVISTA CURRÍCULO E DOCÊNCIA,B2,2021-2024
2675-5211,REVISTA CIENTÍFICA SISTEMÁTICA,B2,2021-2024
2675-5459,SOUTH FLORIDA JOURNAL OF DEVELOPMENT,C,2021-2024
2675-6218,RECIMA21,A4,2021-2024
2675-6404,REVISTA SCIENTIARUM HISTORIA,A4,2021-2024
2675-6722,REVISTA INTERNACIONAL EDUCON,A4,2021-2024
2675-8008,REVISTA MULTIDISCIPLINAR EM SAÚDE,B3,2021-2024
2675-8865,CADERNOS DO ILP,B4,2021-2024
2675-9128,RCMOS - REVISTA CIENTÍFICA MULTIDISCIPLINAR O SABER,B2,2021-2024
2675-9462,ADVANCES IN WEED SCIENCE,A4,2021-2024
2676-0029,TRENDS IN COMPUTATIONAL AND APPLIED MATHEMATICS,B2,2021-2024
2684-4443,EUROPEAN JOURNAL OF DENTAL AND ORAL HEALTH,C,2021-2024
2688-3007,ACM TRANSACTIONS ON EVOLUTIONARY LEARNING AND OPTIMIZATION,A2,2021-2024
2688-6146,"BRITISH SOCIETY FOR HAEMATOLOGY, ISSUING BODY",B2,2021-2024
2690-1307,COMPUTER-BASED LEARNING IN CONTEXT,B4,2021-2024
2691-1914,ACM TRANSACTIONS ON THE INTERNET OF THINGS,A3,2021-2024
2691-4581,IEEE TRANSACTIONS ON ARTIFICIAL INTELLIGENCE,A2,2021-2024
2694-1015,"JOURNAL OF SURVEILLANCE, SECURITY AND SAFETY",B2,2021-2024
2694-1783,CANADIAN JOURNAL OF ELECTRICAL AND COMPUTER ENGINEERING (ONLINE),A4,2021-2024
2695-6578,INTERACCIÓN,B2,2021-2024
2706-5448,TECHNOLOGY AUDIT AND PRODUCTION RESERVES (ONLINE),B2,2021-2024
2709-4111,EAI ENDORSED TRANSACTIONS ON BIOENGINEERING AND BIOINFORMATICS,B2,2021-2024
2709-8028,"AQUA WATER INFRASTRUCTURE, ECOSYSTEMS AND SOCIETY",A3,2021-2024
2713-3745,JOURNAL OF CREATIVITY (ONLINE),B2,2021-2024
2730-5953,AI AND ETHICS (PRINT),A3,2021-2024
2730-664X,COMMUNICATIONS MEDICINE,A2,2021-2024
2730-7239,DISCOVER INTERNET OF THINGS (ONLINE),A2,2021-2024
2730-7492,TRANSACTIONS ON COMPUTER SYSTEMS AND NETWORKS,B2,2021-2024
2730-7727,DISCOVER MATERIALS,A3,2021-2024
2730-7794,ADVANCES IN COMPUTATIONAL INTELLIGENCE,B3,2021-2024
2731-0809,DISCOVER ARTIFICIAL INTELLIGENCE,A4,2021-2024
2731-6955,DISCOVER DATA (ONLINE),B3,2021-2024
2731-9687,DISCOVER GLOBAL SOCIETY (ONLINE),B3,2021-2024
2731-9997,NATURE CITIES (ONLINE),A2,2021-2024
2732-5121,OPEN RESEARCH EUROPE,A4,2021-2024
2752-6542,PNAS NEXUS,A2,2021-2024
2754-6993,SCHIZOPHRENIA (ONLINE),A3,2021-2024
2763-6925,"BRAZILIAN JOURNAL OF EXPERIMENTAL DESIGN, DTA ANALYSIS AND INFERENTIAL STATISTICS",B3,2021-2024
2763-7719,JOURNAL ON INTERACTIVE SYSTEMS (JIS),A4,2021-2024
2763-8960,ASKLEPION: INFORMAÇÃO EM SAÚDE,B1,2021-2024
2763-9290,LATIN AMERICAN DATA IN SCIENCE,C,2021-2024
2764-0159,INTERNATIONAL JOURNAL OF HEALTH SCIENCE,B3,2021-2024
2764-0981,STUDIES IN ENGINEERING AND EXACT SCIENCES,C,2021-2024
2764-1317,JOURNAL OF ENGINEERING RESEARCH,A4,2021-2024
2764-1759,CURRENT SCIENTIFIC JOURNAL,B4,2021-2024
2764-2216,SCIENTIFIC JOURNAL OF APPLIED SOCIAL AND CLINICAL SCIENCE,C,2021-2024
2764-3727,PESQUISAS EM HUMANISMO SOLIDÁRIO (ONLINE),C,2021-2024
2764-4111,RITECIMA - REVISTA DE INVESTIGAÇÃO TECNOLÓGICA EM EDUCAÇÃO EM CIÊNCIAS E MATEMÁTICA,C,2021-2024
2764-4537,REVISTA INCLUSÃO & SOCIEDADE,B3,2021-2024
2764-6963,INOVAÇÃO & DESENVOLVIMENTO,C,2021-2024
2764-8044,BRAZILIAN JOURNAL OF GEOPHYSICS - BRJG,B2,2021-2024
2764-9490,REVISTA LATINO-AMERICANA DE GOVERNANÇA,C,2021-2024
2766-1334,COMBINATORIAL THEORY,B3,2021-2024
2766-7820,JOURNAL OF CLINICAL IMAGES AND MEDICAL CASE REPORTS,B3,2021-2024
2769-3457,INTERNATIONAL JOURNAL OF COMPUTER AND SYSTEMS ENGINEERING (ONLINE),C,2021-2024
2770-3541,INTELLIGENCE & ROBOTICS,B3,2021-2024
2770-6699,ACM TRANSACTIONS ON RECOMMENDER SYSTEMS (ONLINE),B2,2021-2024
2770-9019,APL MACHINE LEARNING,B2,2021-2024
2771-9359,ACADEMIA LETTERS,A3,2021-2024
2772-3755,SMART AGRICULTURAL TECHNOLOGY,A1,2021-2024
2772-4425,HEALTHCARE ANALYTICS,A4,2021-2024
2772-5081,DIGITAL CHEMICAL ENGINEERING,A4,2021-2024
2772-5286,NEUROSCIENCE INFORMATICS,B1,2021-2024
2772-5693,SCIENCE TALKS,B1,2021-2024
2772-6533,DIALOGUES IN HEALTH,B3,2021-2024
2772-6622,DECISION ANALYTICS JOURNAL,A1,2021-2024
2772-9060,ORAL ONCOLOGY REPORTS,B4,2021-2024
2773-0506,JOURNAL OF TRACE ELEMENTS AND MINERALS,B4,2021-2024
2775-2658,INTERNATIONAL JOURNAL OF ROBOTICS AND CONTROL SYSTEMS,B1,2021-2024
2777-5860,OPEN JOURNAL OF MATHEMATICAL OPTIMIZATION,B2,2021-2024
2790-1939,COMMUNICATIONS IN MATHEMATICAL ANALYSIS AND APPLICATIONS,B4,2021-2024
2790-5284,BACIYELMO (EN LÍNEA),C,2021-2024
2804-7303,RAIRO - OPERATIONS RESEARCH,B1,2021-2024
2810-773X,ARTEXÉGESIS: REVISTA DE PRÁCTICAS ARTÍSTICAS E INVESTIGACIÓN (ONLINE),C,2021-2024
2810-9619,ADVANCED NEUROLOGY (ONLINE),B3,2021-2024
2810-9821,SMART TOURISM (ONLINE),B3,2021-2024
2813-2203,ANALYTICS (ONLINE),C,2021-2024
2813-2998,DRUGS AND DRUG CANDIDATES,C,2021-2024
2813-6780,FRONTIERS IN AMPHIBIAN AND REPTILE SCIENCE (ONLINE),C,2021-2024
2816-8089,INTERNATIONAL JOURNAL OF BIOINFORMATICS AND INTELLIGENT COMPUTING,B3,2021-2024
2822-7840,ESAIM: MATHEMATICAL MODELLING AND NUMERICAL ANALYSIS (PRINT),A2,2021-2024
2831-316X,IEEE TRANSACTIONS ON MACHINE LEARNING IN COMMUNICATIONS AND NETWORKING (ONLINE),B2,2021-2024
2831-4085,JOURNAL OF ENGINEERING RESEARCH AND SCIENCES,C,2021-2024
2832-4463,COJ ROBOTICS & ARTIFICIAL INTELLIGENCE (ONLINE),B3,2021-2024
2835-6896,ANNALS OF APPLIED SCIENCES (ONLINE),C,2021-2024
2836-5968,JOURNAL OF NEURO AND SPINE (ONLINE),C,2021-2024
2836-6573,PROCEEDINGS OF THE ACM ON MANAGEMENT OF DATA (ONLINE),B1,2021-2024
2948-2933,JOURNAL OF IMAGING INFORMATICS IN MEDICINE (ONLINE),C,2021-2024
2949-6977,SOCIETAL IMPACTS (ONLINE),B2,2021-2024
2949-7329,JOURNAL AMERICAN ACADEMY OF CHILD & ADOLESCENT PSYCHIATRY OPEN (ONLINE),B3,2021-2024
2949-7612,MAYO CLINIC PROCEEDINGS: DIGITAL HEALTH (ONLINE),B4,2021-2024
2949-8910,GEOENERGY SCIENCE AND ENGINEERING,B3,2021-2024
2965-159X,MARIO PENNA JOURNAL,B4,2021-2024
2965-1778,CÓDIGO31 (ONLINE),B2,2021-2024
2965-6931,REVISTA DA UFMG (ONLINE),B1,2021-2024
2966-3938,SBC REVIEWS ON COMPUTER SCIENCE (ONLINE),C,2021-2024
2972-4619,COMPUTER NETWORKS AND COMMUNICATIONS (ONLINE),C,2021-2024
2977-0424,NATURAL LANGUAGE PROCESSING'(ONLINE),B3,2021-2024
2982-0308,AUSTRALIAN ENERGY PRODUCERS JOURNAL (ONLINE),C,2021-2024
2994-970X,PROCEEDINGS OF THE ACM ON SOFTWARE ENGINEERING (ONLINE),B3,2021-2024
2996-1394,JCSM COMMUNICATIONS (ONLINE),C,2021-2024
3004-8680,MOORE AND MORE (ONLINE),C,2021-2024
3005-3862,BIOMEDICAL INFORMATICS (ONLINE),B2,2021-2024
3006-5496,IACR COMMUNICATIONS IN CRYPTOLOGY (ONLINE),B3,2021-2024
3029-2387,ARTIFICIAL INTELLIGENCE IN HEALTH (ONLINE),C,2021-2024
3050-4546,THE EUROPEAN JOURNAL ON ARTIFICIAL INTELLIGENCE (ONLINE),C,2021-2024
8755-1039,DIAGNOSTIC CYTOPATHOLOGY (PRINT),B1,2021-2024
